[{"model": "admin.logentry", "pk": 1, "fields": {"action_time": "2022-09-12T12:43:21.945Z", "user": 1, "content_type": 8, "object_id": "1", "object_repr": "Pizza & Pasta Napoli", "action_flag": 2, "change_message": "[{\"changed\": {\"fields\": [\"Is approved\"]}}]"}}, {"model": "admin.logentry", "pk": 2, "fields": {"action_time": "2022-09-12T13:03:20.246Z", "user": 1, "content_type": 8, "object_id": "1", "object_repr": "ABC Restaurant test", "action_flag": 2, "change_message": "[{\"changed\": {\"fields\": [\"Vendor name\", \"Vendor slug\"]}}]"}}, {"model": "admin.logentry", "pk": 3, "fields": {"action_time": "2022-09-12T13:08:11.133Z", "user": 1, "content_type": 8, "object_id": "2", "object_repr": "Abracadabra", "action_flag": 2, "change_message": "[{\"changed\": {\"fields\": [\"Is approved\"]}}]"}}, {"model": "admin.logentry", "pk": 4, "fields": {"action_time": "2022-09-12T13:10:22.197Z", "user": 1, "content_type": 8, "object_id": "2", "object_repr": "Abracadabra", "action_flag": 2, "change_message": "[{\"changed\": {\"fields\": [\"Vendor slug\"]}}]"}}, {"model": "admin.logentry", "pk": 5, "fields": {"action_time": "2022-09-12T13:11:39.388Z", "user": 1, "content_type": 6, "object_id": "5", "object_repr": "", "action_flag": 1, "change_message": "[{\"added\": {}}]"}}, {"model": "admin.logentry", "pk": 6, "fields": {"action_time": "2022-09-12T13:12:36.297Z", "user": 1, "content_type": 6, "object_id": "5", "object_repr": "test@test.com", "action_flag": 2, "change_message": "[{\"changed\": {\"fields\": [\"First name\", \"Last name\", \"Username\", \"Email\", \"Role\", \"Is active\"]}}]"}}, {"model": "admin.logentry", "pk": 7, "fields": {"action_time": "2022-09-12T13:13:42.052Z", "user": 1, "content_type": 8, "object_id": "3", "object_repr": "Chinese Restaurant", "action_flag": 1, "change_message": "[{\"added\": {}}]"}}, {"model": "admin.logentry", "pk": 8, "fields": {"action_time": "2022-09-12T15:39:06.129Z", "user": 1, "content_type": 6, "object_id": "5", "object_repr": "test@test.com", "action_flag": 2, "change_message": "[{\"changed\": {\"fields\": [\"Role\"]}}]"}}, {"model": "admin.logentry", "pk": 9, "fields": {"action_time": "2022-09-12T15:39:25.268Z", "user": 1, "content_type": 6, "object_id": "3", "object_repr": "kuklaewa@o2.pl", "action_flag": 3, "change_message": ""}}, {"model": "admin.logentry", "pk": 10, "fields": {"action_time": "2022-09-12T15:49:04.461Z", "user": 1, "content_type": 8, "object_id": "3", "object_repr": "Chinese Restaurant", "action_flag": 3, "change_message": ""}}, {"model": "admin.logentry", "pk": 11, "fields": {"action_time": "2022-09-12T15:49:13.966Z", "user": 1, "content_type": 8, "object_id": "4", "object_repr": "Chinese Restaurant", "action_flag": 2, "change_message": "[{\"changed\": {\"fields\": [\"Is approved\"]}}]"}}, {"model": "admin.logentry", "pk": 12, "fields": {"action_time": "2022-09-20T22:41:55.130Z", "user": 1, "content_type": 11, "object_id": "5", "object_repr": "Cart object (5)", "action_flag": 3, "change_message": ""}}, {"model": "admin.logentry", "pk": 13, "fields": {"action_time": "2022-09-20T22:41:55.136Z", "user": 1, "content_type": 11, "object_id": "4", "object_repr": "Cart object (4)", "action_flag": 3, "change_message": ""}}, {"model": "admin.logentry", "pk": 14, "fields": {"action_time": "2022-09-20T22:41:55.138Z", "user": 1, "content_type": 11, "object_id": "3", "object_repr": "Cart object (3)", "action_flag": 3, "change_message": ""}}, {"model": "admin.logentry", "pk": 15, "fields": {"action_time": "2022-09-20T22:41:55.139Z", "user": 1, "content_type": 11, "object_id": "1", "object_repr": "Cart object (1)", "action_flag": 3, "change_message": ""}}, {"model": "admin.logentry", "pk": 16, "fields": {"action_time": "2022-09-23T22:05:29.631Z", "user": 1, "content_type": 8, "object_id": "5", "object_repr": "Fourth Restaurant", "action_flag": 1, "change_message": "[{\"added\": {}}]"}}, {"model": "admin.logentry", "pk": 17, "fields": {"action_time": "2022-09-23T22:05:44.675Z", "user": 1, "content_type": 8, "object_id": "5", "object_repr": "Fourth Restaurant", "action_flag": 2, "change_message": "[]"}}, {"model": "admin.logentry", "pk": 18, "fields": {"action_time": "2022-09-23T22:06:24.156Z", "user": 1, "content_type": 8, "object_id": "5", "object_repr": "Fourth Restaurant", "action_flag": 3, "change_message": ""}}, {"model": "admin.logentry", "pk": 19, "fields": {"action_time": "2022-09-23T22:13:17.992Z", "user": 1, "content_type": 8, "object_id": "6", "object_repr": "Restaurant Fifth", "action_flag": 2, "change_message": "[{\"changed\": {\"fields\": [\"Is approved\"]}}]"}}, {"model": "admin.logentry", "pk": 20, "fields": {"action_time": "2022-09-23T22:15:35.517Z", "user": 1, "content_type": 6, "object_id": "7", "object_repr": "test3@test.com", "action_flag": 2, "change_message": "[{\"changed\": {\"fields\": [\"Is active\"]}}]"}}, {"model": "admin.logentry", "pk": 21, "fields": {"action_time": "2022-09-24T22:40:52.361Z", "user": 1, "content_type": 7, "object_id": "7", "object_repr": "test3@test.com", "action_flag": 2, "change_message": "[]"}}, {"model": "admin.logentry", "pk": 22, "fields": {"action_time": "2022-09-24T22:41:12.603Z", "user": 1, "content_type": 7, "object_id": "7", "object_repr": "test3@test.com", "action_flag": 2, "change_message": "[]"}}, {"model": "admin.logentry", "pk": 23, "fields": {"action_time": "2022-09-24T22:41:17.607Z", "user": 1, "content_type": 7, "object_id": "6", "object_repr": "kuklaewa@o2.pl", "action_flag": 2, "change_message": "[]"}}, {"model": "admin.logentry", "pk": 24, "fields": {"action_time": "2022-09-24T22:41:32.689Z", "user": 1, "content_type": 7, "object_id": "5", "object_repr": "test@test.com", "action_flag": 2, "change_message": "[]"}}, {"model": "admin.logentry", "pk": 25, "fields": {"action_time": "2022-09-24T22:41:39.847Z", "user": 1, "content_type": 7, "object_id": "4", "object_repr": "testing.email.ek@gmail.com", "action_flag": 2, "change_message": "[]"}}, {"model": "admin.logentry", "pk": 26, "fields": {"action_time": "2022-09-24T22:41:51.363Z", "user": 1, "content_type": 7, "object_id": "2", "object_repr": "webdeveloperevakukla@gmail.com", "action_flag": 2, "change_message": "[]"}}, {"model": "admin.logentry", "pk": 27, "fields": {"action_time": "2022-09-24T22:51:04.656Z", "user": 1, "content_type": 7, "object_id": "2", "object_repr": "webdeveloperevakukla@gmail.com", "action_flag": 2, "change_message": "[]"}}, {"model": "admin.logentry", "pk": 28, "fields": {"action_time": "2022-09-24T22:52:24.044Z", "user": 1, "content_type": 7, "object_id": "5", "object_repr": "test@test.com", "action_flag": 2, "change_message": "[{\"changed\": {\"fields\": [\"City\", \"Location\"]}}]"}}, {"model": "admin.logentry", "pk": 29, "fields": {"action_time": "2022-09-24T22:52:57.628Z", "user": 1, "content_type": 7, "object_id": "2", "object_repr": "webdeveloperevakukla@gmail.com", "action_flag": 2, "change_message": "[]"}}, {"model": "admin.logentry", "pk": 30, "fields": {"action_time": "2022-09-24T22:54:13.454Z", "user": 1, "content_type": 7, "object_id": "2", "object_repr": "webdeveloperevakukla@gmail.com", "action_flag": 2, "change_message": "[{\"changed\": {\"fields\": [\"Location\"]}}]"}}, {"model": "admin.logentry", "pk": 31, "fields": {"action_time": "2022-10-04T22:33:27.968Z", "user": 1, "content_type": 8, "object_id": "7", "object_repr": "Greek Restaurant", "action_flag": 2, "change_message": "[{\"changed\": {\"fields\": [\"Is approved\"]}}]"}}, {"model": "admin.logentry", "pk": 32, "fields": {"action_time": "2022-10-21T23:36:40.887Z", "user": 1, "content_type": 12, "object_id": "1", "object_repr": "OpeningHour object (1)", "action_flag": 1, "change_message": "[{\"added\": {}}]"}}, {"model": "admin.logentry", "pk": 33, "fields": {"action_time": "2022-10-31T22:20:36.434Z", "user": 1, "content_type": 13, "object_id": "1", "object_repr": "VAT", "action_flag": 1, "change_message": "[{\"added\": {}}]"}}, {"model": "admin.logentry", "pk": 34, "fields": {"action_time": "2022-10-31T22:22:42.178Z", "user": 1, "content_type": 13, "object_id": "1", "object_repr": "Standard VAT", "action_flag": 2, "change_message": "[{\"changed\": {\"fields\": [\"Tax type\"]}}]"}}, {"model": "admin.logentry", "pk": 35, "fields": {"action_time": "2022-10-31T22:23:03.626Z", "user": 1, "content_type": 13, "object_id": "2", "object_repr": "Reduced VAT", "action_flag": 1, "change_message": "[{\"added\": {}}]"}}, {"model": "admin.logentry", "pk": 36, "fields": {"action_time": "2022-11-02T22:56:50.250Z", "user": 1, "content_type": 13, "object_id": "2", "object_repr": "Reduced-VAT", "action_flag": 2, "change_message": "[{\"changed\": {\"fields\": [\"Tax type\"]}}]"}}, {"model": "admin.logentry", "pk": 37, "fields": {"action_time": "2022-11-02T22:57:01.527Z", "user": 1, "content_type": 13, "object_id": "1", "object_repr": "Standard-VAT", "action_flag": 2, "change_message": "[{\"changed\": {\"fields\": [\"Tax type\"]}}]"}}, {"model": "admin.logentry", "pk": 38, "fields": {"action_time": "2022-11-02T23:01:09.211Z", "user": 1, "content_type": 13, "object_id": "1", "object_repr": "Second-Tier-VAT", "action_flag": 2, "change_message": "[{\"changed\": {\"fields\": [\"Tax type\", \"Tax Percentage(%)\"]}}]"}}, {"model": "admin.logentry", "pk": 39, "fields": {"action_time": "2022-11-02T23:02:42.256Z", "user": 1, "content_type": 13, "object_id": "2", "object_repr": "Third-Tier-VAT", "action_flag": 2, "change_message": "[{\"changed\": {\"fields\": [\"Tax type\", \"Tax Percentage(%)\"]}}]"}}, {"model": "admin.logentry", "pk": 40, "fields": {"action_time": "2022-11-04T01:01:04.622Z", "user": 1, "content_type": 6, "object_id": "5", "object_repr": "test@test.com", "action_flag": 2, "change_message": "[{\"changed\": {\"fields\": [\"Phone number\"]}}]"}}, {"model": "admin.logentry", "pk": 41, "fields": {"action_time": "2022-11-09T23:40:27.817Z", "user": 1, "content_type": 14, "object_id": "2", "object_repr": "123", "action_flag": 3, "change_message": ""}}, {"model": "admin.logentry", "pk": 42, "fields": {"action_time": "2022-11-09T23:40:27.821Z", "user": 1, "content_type": 14, "object_id": "1", "object_repr": "123", "action_flag": 3, "change_message": ""}}, {"model": "admin.logentry", "pk": 43, "fields": {"action_time": "2022-11-13T22:42:17.489Z", "user": 1, "content_type": 14, "object_id": "24", "object_repr": "2022111322412624", "action_flag": 3, "change_message": ""}}, {"model": "admin.logentry", "pk": 44, "fields": {"action_time": "2022-11-13T22:42:17.494Z", "user": 1, "content_type": 14, "object_id": "23", "object_repr": "2022111322403123", "action_flag": 3, "change_message": ""}}, {"model": "admin.logentry", "pk": 45, "fields": {"action_time": "2022-11-13T22:42:17.495Z", "user": 1, "content_type": 14, "object_id": "22", "object_repr": "2022111322190622", "action_flag": 3, "change_message": ""}}, {"model": "admin.logentry", "pk": 46, "fields": {"action_time": "2022-11-13T22:42:17.495Z", "user": 1, "content_type": 14, "object_id": "21", "object_repr": "2022111320493021", "action_flag": 3, "change_message": ""}}, {"model": "admin.logentry", "pk": 47, "fields": {"action_time": "2022-11-13T22:42:17.497Z", "user": 1, "content_type": 14, "object_id": "20", "object_repr": "2022111320490420", "action_flag": 3, "change_message": ""}}, {"model": "admin.logentry", "pk": 48, "fields": {"action_time": "2022-11-13T22:42:17.498Z", "user": 1, "content_type": 14, "object_id": "19", "object_repr": "2022111320482919", "action_flag": 3, "change_message": ""}}, {"model": "admin.logentry", "pk": 49, "fields": {"action_time": "2022-11-13T22:42:17.498Z", "user": 1, "content_type": 14, "object_id": "18", "object_repr": "2022111320475018", "action_flag": 3, "change_message": ""}}, {"model": "admin.logentry", "pk": 50, "fields": {"action_time": "2022-11-13T22:42:17.499Z", "user": 1, "content_type": 14, "object_id": "17", "object_repr": "2022111320471717", "action_flag": 3, "change_message": ""}}, {"model": "admin.logentry", "pk": 51, "fields": {"action_time": "2022-11-13T22:42:17.500Z", "user": 1, "content_type": 14, "object_id": "16", "object_repr": "2022111320445816", "action_flag": 3, "change_message": ""}}, {"model": "admin.logentry", "pk": 52, "fields": {"action_time": "2022-11-13T22:42:17.502Z", "user": 1, "content_type": 14, "object_id": "15", "object_repr": "2022111320444115", "action_flag": 3, "change_message": ""}}, {"model": "admin.logentry", "pk": 53, "fields": {"action_time": "2022-11-13T22:42:17.503Z", "user": 1, "content_type": 14, "object_id": "14", "object_repr": "2022111320440014", "action_flag": 3, "change_message": ""}}, {"model": "admin.logentry", "pk": 54, "fields": {"action_time": "2022-11-13T22:42:17.503Z", "user": 1, "content_type": 14, "object_id": "13", "object_repr": "2022111320334613", "action_flag": 3, "change_message": ""}}, {"model": "admin.logentry", "pk": 55, "fields": {"action_time": "2022-11-13T22:42:17.504Z", "user": 1, "content_type": 14, "object_id": "12", "object_repr": "2022111320323212", "action_flag": 3, "change_message": ""}}, {"model": "admin.logentry", "pk": 56, "fields": {"action_time": "2022-11-13T22:42:17.504Z", "user": 1, "content_type": 14, "object_id": "11", "object_repr": "2022111320320211", "action_flag": 3, "change_message": ""}}, {"model": "admin.logentry", "pk": 57, "fields": {"action_time": "2022-11-13T22:42:17.505Z", "user": 1, "content_type": 14, "object_id": "10", "object_repr": "2022111320132010", "action_flag": 3, "change_message": ""}}, {"model": "admin.logentry", "pk": 58, "fields": {"action_time": "2022-11-13T22:42:17.505Z", "user": 1, "content_type": 14, "object_id": "9", "object_repr": "202211132009459", "action_flag": 3, "change_message": ""}}, {"model": "admin.logentry", "pk": 59, "fields": {"action_time": "2022-11-13T22:42:17.505Z", "user": 1, "content_type": 14, "object_id": "8", "object_repr": "202211132005428", "action_flag": 3, "change_message": ""}}, {"model": "admin.logentry", "pk": 60, "fields": {"action_time": "2022-11-13T22:42:17.506Z", "user": 1, "content_type": 14, "object_id": "7", "object_repr": "202211132005267", "action_flag": 3, "change_message": ""}}, {"model": "admin.logentry", "pk": 61, "fields": {"action_time": "2022-11-13T22:42:17.506Z", "user": 1, "content_type": 14, "object_id": "6", "object_repr": "202211112341576", "action_flag": 3, "change_message": ""}}, {"model": "admin.logentry", "pk": 62, "fields": {"action_time": "2022-11-13T22:42:17.507Z", "user": 1, "content_type": 14, "object_id": "5", "object_repr": "202211112334355", "action_flag": 3, "change_message": ""}}, {"model": "admin.logentry", "pk": 63, "fields": {"action_time": "2022-11-13T22:42:17.508Z", "user": 1, "content_type": 14, "object_id": "4", "object_repr": "2022110923414", "action_flag": 3, "change_message": ""}}, {"model": "admin.logentry", "pk": 64, "fields": {"action_time": "2022-11-13T22:42:17.508Z", "user": 1, "content_type": 14, "object_id": "3", "object_repr": "123", "action_flag": 3, "change_message": ""}}, {"model": "admin.logentry", "pk": 65, "fields": {"action_time": "2022-11-17T21:07:33.576Z", "user": 1, "content_type": 14, "object_id": "36", "object_repr": "2022111600064836", "action_flag": 3, "change_message": ""}}, {"model": "admin.logentry", "pk": 66, "fields": {"action_time": "2022-11-17T21:07:33.579Z", "user": 1, "content_type": 14, "object_id": "35", "object_repr": "2022111600002135", "action_flag": 3, "change_message": ""}}, {"model": "admin.logentry", "pk": 67, "fields": {"action_time": "2022-11-17T21:07:33.580Z", "user": 1, "content_type": 14, "object_id": "34", "object_repr": "2022111500094534", "action_flag": 3, "change_message": ""}}, {"model": "admin.logentry", "pk": 68, "fields": {"action_time": "2022-11-17T21:07:33.581Z", "user": 1, "content_type": 14, "object_id": "33", "object_repr": "2022111423461133", "action_flag": 3, "change_message": ""}}, {"model": "admin.logentry", "pk": 69, "fields": {"action_time": "2022-11-17T21:07:33.582Z", "user": 1, "content_type": 14, "object_id": "32", "object_repr": "2022111423460132", "action_flag": 3, "change_message": ""}}, {"model": "admin.logentry", "pk": 70, "fields": {"action_time": "2022-11-17T21:07:33.584Z", "user": 1, "content_type": 14, "object_id": "31", "object_repr": "2022111423345031", "action_flag": 3, "change_message": ""}}, {"model": "admin.logentry", "pk": 71, "fields": {"action_time": "2022-11-17T21:07:33.585Z", "user": 1, "content_type": 14, "object_id": "30", "object_repr": "2022111423061330", "action_flag": 3, "change_message": ""}}, {"model": "admin.logentry", "pk": 72, "fields": {"action_time": "2022-11-17T21:07:33.586Z", "user": 1, "content_type": 14, "object_id": "29", "object_repr": "2022111422200829", "action_flag": 3, "change_message": ""}}, {"model": "admin.logentry", "pk": 73, "fields": {"action_time": "2022-11-17T21:07:33.588Z", "user": 1, "content_type": 14, "object_id": "28", "object_repr": "2022111400013328", "action_flag": 3, "change_message": ""}}, {"model": "admin.logentry", "pk": 74, "fields": {"action_time": "2022-11-17T21:07:33.589Z", "user": 1, "content_type": 14, "object_id": "27", "object_repr": "2022111323104427", "action_flag": 3, "change_message": ""}}, {"model": "admin.logentry", "pk": 75, "fields": {"action_time": "2022-11-17T21:07:33.590Z", "user": 1, "content_type": 14, "object_id": "26", "object_repr": "2022111323090226", "action_flag": 3, "change_message": ""}}, {"model": "admin.logentry", "pk": 76, "fields": {"action_time": "2022-11-17T21:07:33.591Z", "user": 1, "content_type": 14, "object_id": "25", "object_repr": "2022111322433125", "action_flag": 3, "change_message": ""}}, {"model": "admin.logentry", "pk": 77, "fields": {"action_time": "2022-11-17T21:10:29.691Z", "user": 1, "content_type": 14, "object_id": "38", "object_repr": "12335436434214321", "action_flag": 1, "change_message": "[{\"added\": {}}]"}}, {"model": "admin.logentry", "pk": 78, "fields": {"action_time": "2022-11-17T21:12:28.436Z", "user": 1, "content_type": 14, "object_id": "39", "object_repr": "qw32343252342142133", "action_flag": 1, "change_message": "[{\"added\": {}}]"}}, {"model": "admin.logentry", "pk": 79, "fields": {"action_time": "2022-11-17T21:13:38.568Z", "user": 1, "content_type": 14, "object_id": "40", "object_repr": "12353467", "action_flag": 1, "change_message": "[{\"added\": {}}]"}}, {"model": "admin.logentry", "pk": 80, "fields": {"action_time": "2022-11-18T11:21:48.618Z", "user": 1, "content_type": 14, "object_id": "38", "object_repr": "12335436434214321", "action_flag": 3, "change_message": ""}}, {"model": "admin.logentry", "pk": 81, "fields": {"action_time": "2022-11-18T11:21:48.628Z", "user": 1, "content_type": 14, "object_id": "40", "object_repr": "12353467", "action_flag": 3, "change_message": ""}}, {"model": "admin.logentry", "pk": 82, "fields": {"action_time": "2022-11-18T11:21:48.630Z", "user": 1, "content_type": 14, "object_id": "39", "object_repr": "qw32343252342142133", "action_flag": 3, "change_message": ""}}, {"model": "admin.logentry", "pk": 83, "fields": {"action_time": "2022-11-18T13:17:22.443Z", "user": 1, "content_type": 14, "object_id": "46", "object_repr": "3645645664545", "action_flag": 1, "change_message": "[{\"added\": {}}]"}}, {"model": "admin.logentry", "pk": 84, "fields": {"action_time": "2022-11-18T13:37:58.952Z", "user": 1, "content_type": 6, "object_id": "8", "object_repr": "wik.go@test.com", "action_flag": 3, "change_message": ""}}, {"model": "admin.logentry", "pk": 85, "fields": {"action_time": "2022-11-18T13:39:18.425Z", "user": 1, "content_type": 14, "object_id": "45", "object_repr": "2022111812390945", "action_flag": 2, "change_message": "[{\"changed\": {\"fields\": [\"Is ordered\"]}}]"}}, {"model": "admin.logentry", "pk": 86, "fields": {"action_time": "2022-11-18T13:39:25.767Z", "user": 1, "content_type": 14, "object_id": "44", "object_repr": "2022111812141044", "action_flag": 2, "change_message": "[{\"changed\": {\"fields\": [\"Is ordered\"]}}]"}}, {"model": "admin.logentry", "pk": 87, "fields": {"action_time": "2022-11-18T13:39:34.865Z", "user": 1, "content_type": 14, "object_id": "43", "object_repr": "2022111812115343", "action_flag": 2, "change_message": "[{\"changed\": {\"fields\": [\"Is ordered\"]}}]"}}, {"model": "admin.logentry", "pk": 88, "fields": {"action_time": "2022-11-18T13:39:42.078Z", "user": 1, "content_type": 14, "object_id": "42", "object_repr": "2022111811305942", "action_flag": 2, "change_message": "[{\"changed\": {\"fields\": [\"Is ordered\"]}}]"}}, {"model": "admin.logentry", "pk": 89, "fields": {"action_time": "2022-11-18T13:39:58.723Z", "user": 1, "content_type": 14, "object_id": "44", "object_repr": "2022111812141044", "action_flag": 2, "change_message": "[{\"changed\": {\"fields\": [\"Vendors\"]}}]"}}, {"model": "admin.logentry", "pk": 90, "fields": {"action_time": "2022-11-18T13:40:19.290Z", "user": 1, "content_type": 14, "object_id": "43", "object_repr": "2022111812115343", "action_flag": 2, "change_message": "[{\"changed\": {\"fields\": [\"Vendors\"]}}]"}}, {"model": "admin.logentry", "pk": 91, "fields": {"action_time": "2022-11-18T13:40:36.789Z", "user": 1, "content_type": 14, "object_id": "42", "object_repr": "2022111811305942", "action_flag": 2, "change_message": "[{\"changed\": {\"fields\": [\"Vendors\"]}}]"}}, {"model": "admin.logentry", "pk": 92, "fields": {"action_time": "2022-11-18T13:40:50.303Z", "user": 1, "content_type": 14, "object_id": "41", "object_repr": "2022111811234441", "action_flag": 2, "change_message": "[{\"changed\": {\"fields\": [\"Vendors\"]}}]"}}, {"model": "admin.logentry", "pk": 93, "fields": {"action_time": "2022-11-18T17:31:07.466Z", "user": 1, "content_type": 14, "object_id": "56", "object_repr": "2022111816240856", "action_flag": 2, "change_message": "[{\"changed\": {\"fields\": [\"Is ordered\"]}}]"}}, {"model": "admin.logentry", "pk": 94, "fields": {"action_time": "2022-11-18T17:31:26.433Z", "user": 1, "content_type": 14, "object_id": "55", "object_repr": "2022111816202855", "action_flag": 2, "change_message": "[{\"changed\": {\"fields\": [\"Is ordered\"]}}]"}}, {"model": "admin.logentry", "pk": 95, "fields": {"action_time": "2022-11-19T11:32:28.421Z", "user": 1, "content_type": 14, "object_id": "55", "object_repr": "2022111816202855", "action_flag": 3, "change_message": ""}}, {"model": "admin.logentry", "pk": 96, "fields": {"action_time": "2022-11-19T11:42:56.609Z", "user": 1, "content_type": 14, "object_id": "58", "object_repr": "2022111911415158", "action_flag": 2, "change_message": "[{\"changed\": {\"fields\": [\"Is ordered\"]}}]"}}, {"model": "admin.logentry", "pk": 97, "fields": {"action_time": "2022-11-19T11:43:04.422Z", "user": 1, "content_type": 14, "object_id": "57", "object_repr": "2022111911354157", "action_flag": 2, "change_message": "[{\"changed\": {\"fields\": [\"Is ordered\"]}}]"}}, {"model": "admin.logentry", "pk": 98, "fields": {"action_time": "2022-11-19T15:16:20.845Z", "user": 1, "content_type": 14, "object_id": "54", "object_repr": "2022111816193854", "action_flag": 2, "change_message": "[{\"changed\": {\"fields\": [\"Is ordered\"]}}]"}}, {"model": "admin.logentry", "pk": 99, "fields": {"action_time": "2022-11-19T15:16:44.111Z", "user": 1, "content_type": 14, "object_id": "53", "object_repr": "2022111816020053", "action_flag": 3, "change_message": ""}}, {"model": "admin.logentry", "pk": 100, "fields": {"action_time": "2022-11-19T15:18:33.567Z", "user": 1, "content_type": 14, "object_id": "52", "object_repr": "2022111815492852", "action_flag": 3, "change_message": ""}}, {"model": "admin.logentry", "pk": 101, "fields": {"action_time": "2022-11-19T15:18:33.570Z", "user": 1, "content_type": 14, "object_id": "51", "object_repr": "2022111815465351", "action_flag": 3, "change_message": ""}}, {"model": "admin.logentry", "pk": 102, "fields": {"action_time": "2022-11-19T15:18:33.571Z", "user": 1, "content_type": 14, "object_id": "50", "object_repr": "2022111815222850", "action_flag": 3, "change_message": ""}}, {"model": "admin.logentry", "pk": 103, "fields": {"action_time": "2022-11-19T15:18:33.572Z", "user": 1, "content_type": 14, "object_id": "49", "object_repr": "2022111815211249", "action_flag": 3, "change_message": ""}}, {"model": "admin.logentry", "pk": 104, "fields": {"action_time": "2022-11-19T15:18:33.573Z", "user": 1, "content_type": 14, "object_id": "48", "object_repr": "2022111815193248", "action_flag": 3, "change_message": ""}}, {"model": "admin.logentry", "pk": 105, "fields": {"action_time": "2022-11-19T15:18:33.574Z", "user": 1, "content_type": 14, "object_id": "47", "object_repr": "2022111814381847", "action_flag": 3, "change_message": ""}}, {"model": "admin.logentry", "pk": 106, "fields": {"action_time": "2022-11-19T15:19:30.411Z", "user": 1, "content_type": 14, "object_id": "46", "object_repr": "3645645664545", "action_flag": 3, "change_message": ""}}, {"model": "admin.logentry", "pk": 107, "fields": {"action_time": "2022-11-23T11:46:06.540Z", "user": 1, "content_type": 6, "object_id": "4", "object_repr": "claire.tester@gmail.com", "action_flag": 2, "change_message": "[{\"changed\": {\"fields\": [\"Email\"]}}]"}}, {"model": "admin.logentry", "pk": 108, "fields": {"action_time": "2022-11-23T12:28:12.143Z", "user": 1, "content_type": 7, "object_id": "9", "object_repr": "testing.email.ek@gmail.com", "action_flag": 3, "change_message": ""}}, {"model": "admin.logentry", "pk": 109, "fields": {"action_time": "2022-11-23T12:28:44.393Z", "user": 1, "content_type": 6, "object_id": "9", "object_repr": "testing.email.ek@gmail.com", "action_flag": 3, "change_message": ""}}, {"model": "admin.logentry", "pk": 110, "fields": {"action_time": "2022-11-23T12:29:41.418Z", "user": 1, "content_type": 6, "object_id": "5", "object_repr": "testing.email.ek@gmail.com", "action_flag": 2, "change_message": "[{\"changed\": {\"fields\": [\"Email\"]}}]"}}, {"model": "admin.logentry", "pk": 111, "fields": {"action_time": "2022-11-23T12:39:52.997Z", "user": 1, "content_type": 6, "object_id": "5", "object_repr": "test@test.com", "action_flag": 2, "change_message": "[{\"changed\": {\"fields\": [\"Email\"]}}]"}}, {"model": "admin.logentry", "pk": 112, "fields": {"action_time": "2022-11-23T23:02:07.130Z", "user": 1, "content_type": 6, "object_id": "5", "object_repr": "testing.email.ek@gmail.com", "action_flag": 2, "change_message": "[{\"changed\": {\"fields\": [\"Email\"]}}]"}}, {"model": "admin.logentry", "pk": 113, "fields": {"action_time": "2022-11-24T11:15:55.046Z", "user": 1, "content_type": 12, "object_id": "51", "object_repr": "Monday", "action_flag": 1, "change_message": "[{\"added\": {}}]"}}, {"model": "admin.logentry", "pk": 114, "fields": {"action_time": "2022-11-24T11:16:21.827Z", "user": 1, "content_type": 12, "object_id": "52", "object_repr": "Tuesday", "action_flag": 1, "change_message": "[{\"added\": {}}]"}}, {"model": "admin.logentry", "pk": 115, "fields": {"action_time": "2022-11-24T11:16:43.544Z", "user": 1, "content_type": 12, "object_id": "53", "object_repr": "Wednesday", "action_flag": 1, "change_message": "[{\"added\": {}}]"}}, {"model": "admin.logentry", "pk": 116, "fields": {"action_time": "2022-11-24T11:17:12.260Z", "user": 1, "content_type": 12, "object_id": "54", "object_repr": "Thursday", "action_flag": 1, "change_message": "[{\"added\": {}}]"}}, {"model": "admin.logentry", "pk": 117, "fields": {"action_time": "2022-11-24T11:17:37.410Z", "user": 1, "content_type": 12, "object_id": "55", "object_repr": "Friday", "action_flag": 1, "change_message": "[{\"added\": {}}]"}}, {"model": "admin.logentry", "pk": 118, "fields": {"action_time": "2022-11-24T11:18:04.300Z", "user": 1, "content_type": 12, "object_id": "56", "object_repr": "Saturday", "action_flag": 1, "change_message": "[{\"added\": {}}]"}}, {"model": "admin.logentry", "pk": 119, "fields": {"action_time": "2022-11-24T11:18:44.957Z", "user": 1, "content_type": 12, "object_id": "57", "object_repr": "Sunday", "action_flag": 1, "change_message": "[{\"added\": {}}]"}}, {"model": "admin.logentry", "pk": 120, "fields": {"action_time": "2022-11-24T11:19:58.518Z", "user": 1, "content_type": 12, "object_id": "58", "object_repr": "Tuesday", "action_flag": 1, "change_message": "[{\"added\": {}}]"}}, {"model": "admin.logentry", "pk": 121, "fields": {"action_time": "2022-11-24T11:20:22.495Z", "user": 1, "content_type": 12, "object_id": "1", "object_repr": "Monday", "action_flag": 3, "change_message": ""}}, {"model": "admin.logentry", "pk": 122, "fields": {"action_time": "2022-11-24T11:20:46.842Z", "user": 1, "content_type": 12, "object_id": "59", "object_repr": "Wednesday", "action_flag": 1, "change_message": "[{\"added\": {}}]"}}, {"model": "admin.logentry", "pk": 123, "fields": {"action_time": "2022-11-24T11:21:11.901Z", "user": 1, "content_type": 12, "object_id": "60", "object_repr": "Thursday", "action_flag": 1, "change_message": "[{\"added\": {}}]"}}, {"model": "admin.logentry", "pk": 124, "fields": {"action_time": "2022-11-24T11:21:42.691Z", "user": 1, "content_type": 12, "object_id": "61", "object_repr": "Friday", "action_flag": 1, "change_message": "[{\"added\": {}}]"}}, {"model": "admin.logentry", "pk": 125, "fields": {"action_time": "2022-11-24T11:22:09.456Z", "user": 1, "content_type": 12, "object_id": "62", "object_repr": "Saturday", "action_flag": 1, "change_message": "[{\"added\": {}}]"}}, {"model": "admin.logentry", "pk": 126, "fields": {"action_time": "2022-11-24T11:22:29.351Z", "user": 1, "content_type": 12, "object_id": "63", "object_repr": "Sunday", "action_flag": 1, "change_message": "[{\"added\": {}}]"}}, {"model": "admin.logentry", "pk": 127, "fields": {"action_time": "2022-11-24T11:22:55.532Z", "user": 1, "content_type": 8, "object_id": "6", "object_repr": "Restaurant Fifth", "action_flag": 2, "change_message": "[{\"changed\": {\"fields\": [\"User\"]}}]"}}, {"model": "admin.logentry", "pk": 128, "fields": {"action_time": "2022-11-26T12:55:42.242Z", "user": 1, "content_type": 7, "object_id": "7", "object_repr": "test3@test.com", "action_flag": 2, "change_message": "[{\"changed\": {\"fields\": [\"City\", \"Pin code\"]}}]"}}, {"model": "admin.logentry", "pk": 129, "fields": {"action_time": "2022-11-26T13:00:02.641Z", "user": 1, "content_type": 7, "object_id": "5", "object_repr": "testing.email.ek@gmail.com", "action_flag": 2, "change_message": "[{\"changed\": {\"fields\": [\"Address\", \"Pin code\"]}}]"}}, {"model": "admin.logentry", "pk": 130, "fields": {"action_time": "2022-11-26T13:03:28.976Z", "user": 1, "content_type": 6, "object_id": "1", "object_repr": "kuklaewa@gmail.com", "action_flag": 2, "change_message": "[{\"changed\": {\"fields\": [\"Phone number\", \"Role\"]}}]"}}, {"model": "auth.permission", "pk": 1, "fields": {"name": "Can add log entry", "content_type": 1, "codename": "add_logentry"}}, {"model": "auth.permission", "pk": 2, "fields": {"name": "Can change log entry", "content_type": 1, "codename": "change_logentry"}}, {"model": "auth.permission", "pk": 3, "fields": {"name": "Can delete log entry", "content_type": 1, "codename": "delete_logentry"}}, {"model": "auth.permission", "pk": 4, "fields": {"name": "Can view log entry", "content_type": 1, "codename": "view_logentry"}}, {"model": "auth.permission", "pk": 5, "fields": {"name": "Can add permission", "content_type": 2, "codename": "add_permission"}}, {"model": "auth.permission", "pk": 6, "fields": {"name": "Can change permission", "content_type": 2, "codename": "change_permission"}}, {"model": "auth.permission", "pk": 7, "fields": {"name": "Can delete permission", "content_type": 2, "codename": "delete_permission"}}, {"model": "auth.permission", "pk": 8, "fields": {"name": "Can view permission", "content_type": 2, "codename": "view_permission"}}, {"model": "auth.permission", "pk": 9, "fields": {"name": "Can add group", "content_type": 3, "codename": "add_group"}}, {"model": "auth.permission", "pk": 10, "fields": {"name": "Can change group", "content_type": 3, "codename": "change_group"}}, {"model": "auth.permission", "pk": 11, "fields": {"name": "Can delete group", "content_type": 3, "codename": "delete_group"}}, {"model": "auth.permission", "pk": 12, "fields": {"name": "Can view group", "content_type": 3, "codename": "view_group"}}, {"model": "auth.permission", "pk": 13, "fields": {"name": "Can add content type", "content_type": 4, "codename": "add_contenttype"}}, {"model": "auth.permission", "pk": 14, "fields": {"name": "Can change content type", "content_type": 4, "codename": "change_contenttype"}}, {"model": "auth.permission", "pk": 15, "fields": {"name": "Can delete content type", "content_type": 4, "codename": "delete_contenttype"}}, {"model": "auth.permission", "pk": 16, "fields": {"name": "Can view content type", "content_type": 4, "codename": "view_contenttype"}}, {"model": "auth.permission", "pk": 17, "fields": {"name": "Can add session", "content_type": 5, "codename": "add_session"}}, {"model": "auth.permission", "pk": 18, "fields": {"name": "Can change session", "content_type": 5, "codename": "change_session"}}, {"model": "auth.permission", "pk": 19, "fields": {"name": "Can delete session", "content_type": 5, "codename": "delete_session"}}, {"model": "auth.permission", "pk": 20, "fields": {"name": "Can view session", "content_type": 5, "codename": "view_session"}}, {"model": "auth.permission", "pk": 21, "fields": {"name": "Can add user", "content_type": 6, "codename": "add_user"}}, {"model": "auth.permission", "pk": 22, "fields": {"name": "Can change user", "content_type": 6, "codename": "change_user"}}, {"model": "auth.permission", "pk": 23, "fields": {"name": "Can delete user", "content_type": 6, "codename": "delete_user"}}, {"model": "auth.permission", "pk": 24, "fields": {"name": "Can view user", "content_type": 6, "codename": "view_user"}}, {"model": "auth.permission", "pk": 25, "fields": {"name": "Can add user profile", "content_type": 7, "codename": "add_userprofile"}}, {"model": "auth.permission", "pk": 26, "fields": {"name": "Can change user profile", "content_type": 7, "codename": "change_userprofile"}}, {"model": "auth.permission", "pk": 27, "fields": {"name": "Can delete user profile", "content_type": 7, "codename": "delete_userprofile"}}, {"model": "auth.permission", "pk": 28, "fields": {"name": "Can view user profile", "content_type": 7, "codename": "view_userprofile"}}, {"model": "auth.permission", "pk": 29, "fields": {"name": "Can add vendor", "content_type": 8, "codename": "add_vendor"}}, {"model": "auth.permission", "pk": 30, "fields": {"name": "Can change vendor", "content_type": 8, "codename": "change_vendor"}}, {"model": "auth.permission", "pk": 31, "fields": {"name": "Can delete vendor", "content_type": 8, "codename": "delete_vendor"}}, {"model": "auth.permission", "pk": 32, "fields": {"name": "Can view vendor", "content_type": 8, "codename": "view_vendor"}}, {"model": "auth.permission", "pk": 33, "fields": {"name": "Can add category", "content_type": 9, "codename": "add_category"}}, {"model": "auth.permission", "pk": 34, "fields": {"name": "Can change category", "content_type": 9, "codename": "change_category"}}, {"model": "auth.permission", "pk": 35, "fields": {"name": "Can delete category", "content_type": 9, "codename": "delete_category"}}, {"model": "auth.permission", "pk": 36, "fields": {"name": "Can view category", "content_type": 9, "codename": "view_category"}}, {"model": "auth.permission", "pk": 37, "fields": {"name": "Can add food item", "content_type": 10, "codename": "add_fooditem"}}, {"model": "auth.permission", "pk": 38, "fields": {"name": "Can change food item", "content_type": 10, "codename": "change_fooditem"}}, {"model": "auth.permission", "pk": 39, "fields": {"name": "Can delete food item", "content_type": 10, "codename": "delete_fooditem"}}, {"model": "auth.permission", "pk": 40, "fields": {"name": "Can view food item", "content_type": 10, "codename": "view_fooditem"}}, {"model": "auth.permission", "pk": 41, "fields": {"name": "Can add cart", "content_type": 11, "codename": "add_cart"}}, {"model": "auth.permission", "pk": 42, "fields": {"name": "Can change cart", "content_type": 11, "codename": "change_cart"}}, {"model": "auth.permission", "pk": 43, "fields": {"name": "Can delete cart", "content_type": 11, "codename": "delete_cart"}}, {"model": "auth.permission", "pk": 44, "fields": {"name": "Can view cart", "content_type": 11, "codename": "view_cart"}}, {"model": "auth.permission", "pk": 45, "fields": {"name": "Can add opening hour", "content_type": 12, "codename": "add_openinghour"}}, {"model": "auth.permission", "pk": 46, "fields": {"name": "Can change opening hour", "content_type": 12, "codename": "change_openinghour"}}, {"model": "auth.permission", "pk": 47, "fields": {"name": "Can delete opening hour", "content_type": 12, "codename": "delete_openinghour"}}, {"model": "auth.permission", "pk": 48, "fields": {"name": "Can view opening hour", "content_type": 12, "codename": "view_openinghour"}}, {"model": "auth.permission", "pk": 49, "fields": {"name": "Can add tax", "content_type": 13, "codename": "add_tax"}}, {"model": "auth.permission", "pk": 50, "fields": {"name": "Can change tax", "content_type": 13, "codename": "change_tax"}}, {"model": "auth.permission", "pk": 51, "fields": {"name": "Can delete tax", "content_type": 13, "codename": "delete_tax"}}, {"model": "auth.permission", "pk": 52, "fields": {"name": "Can view tax", "content_type": 13, "codename": "view_tax"}}, {"model": "auth.permission", "pk": 53, "fields": {"name": "Can add order", "content_type": 14, "codename": "add_order"}}, {"model": "auth.permission", "pk": 54, "fields": {"name": "Can change order", "content_type": 14, "codename": "change_order"}}, {"model": "auth.permission", "pk": 55, "fields": {"name": "Can delete order", "content_type": 14, "codename": "delete_order"}}, {"model": "auth.permission", "pk": 56, "fields": {"name": "Can view order", "content_type": 14, "codename": "view_order"}}, {"model": "auth.permission", "pk": 57, "fields": {"name": "Can add payment", "content_type": 15, "codename": "add_payment"}}, {"model": "auth.permission", "pk": 58, "fields": {"name": "Can change payment", "content_type": 15, "codename": "change_payment"}}, {"model": "auth.permission", "pk": 59, "fields": {"name": "Can delete payment", "content_type": 15, "codename": "delete_payment"}}, {"model": "auth.permission", "pk": 60, "fields": {"name": "Can view payment", "content_type": 15, "codename": "view_payment"}}, {"model": "auth.permission", "pk": 61, "fields": {"name": "Can add ordered food", "content_type": 16, "codename": "add_orderedfood"}}, {"model": "auth.permission", "pk": 62, "fields": {"name": "Can change ordered food", "content_type": 16, "codename": "change_orderedfood"}}, {"model": "auth.permission", "pk": 63, "fields": {"name": "Can delete ordered food", "content_type": 16, "codename": "delete_orderedfood"}}, {"model": "auth.permission", "pk": 64, "fields": {"name": "Can view ordered food", "content_type": 16, "codename": "view_orderedfood"}}, {"model": "contenttypes.contenttype", "pk": 1, "fields": {"app_label": "admin", "model": "logentry"}}, {"model": "contenttypes.contenttype", "pk": 2, "fields": {"app_label": "auth", "model": "permission"}}, {"model": "contenttypes.contenttype", "pk": 3, "fields": {"app_label": "auth", "model": "group"}}, {"model": "contenttypes.contenttype", "pk": 4, "fields": {"app_label": "contenttypes", "model": "contenttype"}}, {"model": "contenttypes.contenttype", "pk": 5, "fields": {"app_label": "sessions", "model": "session"}}, {"model": "contenttypes.contenttype", "pk": 6, "fields": {"app_label": "accounts", "model": "user"}}, {"model": "contenttypes.contenttype", "pk": 7, "fields": {"app_label": "accounts", "model": "userprofile"}}, {"model": "contenttypes.contenttype", "pk": 8, "fields": {"app_label": "vendor", "model": "vendor"}}, {"model": "contenttypes.contenttype", "pk": 9, "fields": {"app_label": "menu", "model": "category"}}, {"model": "contenttypes.contenttype", "pk": 10, "fields": {"app_label": "menu", "model": "fooditem"}}, {"model": "contenttypes.contenttype", "pk": 11, "fields": {"app_label": "marketplace", "model": "cart"}}, {"model": "contenttypes.contenttype", "pk": 12, "fields": {"app_label": "vendor", "model": "openinghour"}}, {"model": "contenttypes.contenttype", "pk": 13, "fields": {"app_label": "marketplace", "model": "tax"}}, {"model": "contenttypes.contenttype", "pk": 14, "fields": {"app_label": "orders", "model": "order"}}, {"model": "contenttypes.contenttype", "pk": 15, "fields": {"app_label": "orders", "model": "payment"}}, {"model": "contenttypes.contenttype", "pk": 16, "fields": {"app_label": "orders", "model": "orderedfood"}}, {"model": "sessions.session", "pk": "2cb08fc61matu04jav87abthr6rj75vw", "fields": {"session_data": ".eJxVjEEOwiAQRe_C2pAypZS6dN8zkIEZpGogKe3KeHdp0oVu33v_v4XDfUtur7y6hcRVKHH5ZR7Dk_Mh6IH5XmQoeVsXL49EnrbKuRC_bmf7d5Cwprb2UVOvcCSvdSAAYyFOaDiShs6MA8RGNfeTh2BaGLTFoVMYAyuDVonPF_hrOE0:1osujK:DoAhzFhbxBdI19nhLx_cJP-TsaBq4vYndWWtr4sN5ag", "expire_date": "2022-11-23T23:43:38.278Z"}}, {"model": "sessions.session", "pk": "6x4pg5m5hdhg9lgeru3d38hjdlpl8mmt", "fields": {"session_data": ".eJxVjEEOwiAQRe_C2pAypZS6dN8zkIEZpGogKe3KeHdp0oVu33v_v4XDfUtur7y6hcRVKHH5ZR7Dk_Mh6IH5XmQoeVsXL49EnrbKuRC_bmf7d5Cwprb2UVOvcCSvdSAAYyFOaDiShs6MA8RGNfeTh2BaGLTFoVMYAyuDVonPF_hrOE0:1owMEg:j_0u1ZZfhWcEySvxCijufJ_tu0-gyZmYepuJ4pmLR5U", "expire_date": "2022-12-03T11:42:14.826Z"}}, {"model": "sessions.session", "pk": "bc84avuxp6d50h5o6v8ia96dwu5pt08q", "fields": {"session_data": ".eJxVjEEOwiAQRe_C2pAypZS6dN8zkIEZpGogKe3KeHdp0oVu33v_v4XDfUtur7y6hcRVKHH5ZR7Dk_Mh6IH5XmQoeVsXL49EnrbKuRC_bmf7d5Cwprb2UVOvcCSvdSAAYyFOaDiShs6MA8RGNfeTh2BaGLTFoVMYAyuDVonPF_hrOE0:1ofqTY:_LD8WDuzkD90GnvFRbjHdGeOVY2uN2Lghsw8TdFWEuM", "expire_date": "2022-10-18T22:33:20.510Z"}}, {"model": "sessions.session", "pk": "didmnzgwe5yj9vpdwnqkkepypvui5b2o", "fields": {"session_data": ".eJxVjEEOwiAQRe_C2pAypZS6dN8zkIEZpGogKe3KeHdp0oVu33v_v4XDfUtur7y6hcRVKHH5ZR7Dk_Mh6IH5XmQoeVsXL49EnrbKuRC_bmf7d5Cwprb2UVOvcCSvdSAAYyFOaDiShs6MA8RGNfeTh2BaGLTFoVMYAyuDVonPF_hrOE0:1ouLeG:wczodlRygiq_gMRZn0Xtuqe1ScSXOPSzIHFCYDaEhFw", "expire_date": "2022-11-27T22:40:20.663Z"}}, {"model": "sessions.session", "pk": "m44vf580thod23kxpwccbe60oecqjogp", "fields": {"session_data": ".eJxVjEEOwiAQRe_C2hDK0AFcuu8ZCAOjVA0kpV0Z765NutDtf-_9lwhxW0vYOi9hzuIsRnH63SimB9cd5HustyZTq-syk9wVedAup5b5eTncv4MSe_nWmPhKTqecLBBm5z0OVifvKHo0CkFbYmJtHI0DKjAI5IEsKNTZOhLvD-lNN1g:1owPmV:TTpbjYG4cTrLisApg5o119h7a6TpKP2zgpGiOTaCl-w", "expire_date": "2022-12-03T15:29:23.636Z"}}, {"model": "sessions.session", "pk": "tlkely4sj327kikoik6w5kuonq2y82g9", "fields": {"session_data": ".eJxVjEEOwiAQRe_C2pAypZS6dN8zkIEZpGogKe3KeHdp0oVu33v_v4XDfUtur7y6hcRVKHH5ZR7Dk_Mh6IH5XmQoeVsXL49EnrbKuRC_bmf7d5Cwprb2UVOvcCSvdSAAYyFOaDiShs6MA8RGNfeTh2BaGLTFoVMYAyuDVonPF_hrOE0:1oxyfs:_Ir9ZrVLL4_YRsjf0sncLHLYizJM7OdybPkz8PkdKPw", "expire_date": "2022-12-07T22:57:00.515Z"}}, {"model": "sessions.session", "pk": "tz4vgac0vu61h4tqswp3av8ettmvjmlv", "fields": {"session_data": ".eJxVjDsOwyAQRO9CnSBg-Swp0-cM1mLAdmJhyZ8qyt0DkouknDcz7806OvaxO7a0dlNkN2bZ5ZcF6l-ptCI-qQwL75eyr1PgbcLPduOPJab5fm7_BCNtY30bY3IQiRwmg5gyZKmiJFcTeUtaKeF6hZCz0ikq6aIMHtCAc5hN1lU6095EwEF7FAYaKkNFV8uVFSC8Y58vxqE_8Q:1oz1hF:5GQa2Fw0TBno5WqiyL6Z07eXr-KRAm5goINQ7kpFa7I", "expire_date": "2022-12-10T20:22:45.065Z"}}, {"model": "sessions.session", "pk": "x1s6374zmfxte5tn0z9lhehav7obnrya", "fields": {"session_data": ".eJxVjEEOwiAQRe_C2pAypZS6dN8zkIEZpGogKe3KeHdp0oVu33v_v4XDfUtur7y6hcRVKHH5ZR7Dk_Mh6IH5XmQoeVsXL49EnrbKuRC_bmf7d5Cwprb2UVOvcCSvdSAAYyFOaDiShs6MA8RGNfeTh2BaGLTFoVMYAyuDVonPF_hrOE0:1ovzR4:1vPs2tORaL3ZmW92xTOXr6LtMLCD6qTm3xPBYihzNxs", "expire_date": "2022-12-02T11:21:30.573Z"}}, {"model": "sessions.session", "pk": "x7xntd52eo97n8j5p17v8rdwi74axwrk", "fields": {"session_data": ".eJxVjEEOwiAQRe_C2pAypZS6dN8zkIEZpGogKe3KeHdp0oVu33v_v4XDfUtur7y6hcRVKHH5ZR7Dk_Mh6IH5XmQoeVsXL49EnrbKuRC_bmf7d5Cwprb2UVOvcCSvdSAAYyFOaDiShs6MA8RGNfeTh2BaGLTFoVMYAyuDVonPF_hrOE0:1ovm4Z:XI700IrNXKxnTmEkwF7au7iOMad6Z-aHnTyoFsWoSA4", "expire_date": "2022-12-01T21:05:23.929Z"}}, {"model": "sessions.session", "pk": "zrcfkz690ol7sjsoqg1sikwkrqfbal6f", "fields": {"session_data": ".eJxVjEEOwiAQRe_C2hDK0AFcuu8ZCAOjVA0kpV0Z765NutDtf-_9lwhxW0vYOi9hzuIsRnH63SimB9cd5HustyZTq-syk9wVedAup5b5eTncv4MSe_nWmPhKTqecLBBm5z0OVifvKHo0CkFbYmJtHI0DKjAI5IEsKNTZOhLvD-lNN1g:1oxp3E:wxYbVkOWGpYf4TQwpJQTMUaJ5-S44CxUpoie9kUr24E", "expire_date": "2022-12-07T12:40:28.316Z"}}, {"model": "accounts.user", "pk": 1, "fields": {"password": "pbkdf2_sha256$390000$atPMzAQ0yD2SqubCfz6TpC$x5fImWFImvHqEcF7BHUdKnquSbZjTLBq2Qr/OghcbJ8=", "first_name": "Ewa", "last_name": "Kukla", "username": "djangoadmin", "email": "kuklaewa@gmail.com", "phone_number": "01234567890", "role": 2, "date_joined": "2022-09-12T11:06:07.624Z", "last_login": "2022-11-26T12:48:51.668Z", "created_date": "2022-09-12T11:06:07.624Z", "modified_date": "2022-11-26T18:40:35.532Z", "is_admin": true, "is_staff": true, "is_active": true, "is_superadmin": true}}, {"model": "accounts.user", "pk": 2, "fields": {"password": "pbkdf2_sha256$390000$vmYFchbrN0m3KSZiy9GQWp$aA7a6naM1kjw19U2tfVMUtt1ZAaIPuGFJCPE46jKHKw=", "first_name": "Adam", "last_name": "Nevil", "username": "AdamNevil", "email": "webdeveloperevakukla@gmail.com", "phone_number": "", "role": 1, "date_joined": "2022-09-12T11:26:06.558Z", "last_login": "2022-11-26T20:01:59.895Z", "created_date": "2022-09-12T11:26:06.558Z", "modified_date": "2022-09-12T11:27:39.133Z", "is_admin": false, "is_staff": false, "is_active": true, "is_superadmin": false}}, {"model": "accounts.user", "pk": 4, "fields": {"password": "pbkdf2_sha256$390000$d7QWzKqIQvfbwDVqES8NO2$xyxyqg95hjWCJQ9ShFB5xhdV15apvaAEygwiGyUp6GA=", "first_name": "Claire", "last_name": "Tester", "username": "claire", "email": "claire.tester@gmail.com", "phone_number": "", "role": 1, "date_joined": "2022-09-12T13:07:01.227Z", "last_login": "2022-11-18T12:43:08.619Z", "created_date": "2022-09-12T13:07:01.227Z", "modified_date": "2022-11-23T11:46:06.507Z", "is_admin": false, "is_staff": false, "is_active": true, "is_superadmin": false}}, {"model": "accounts.user", "pk": 5, "fields": {"password": "pbkdf2_sha256$390000$fu8swmNAUmdvA4VMC3dacj$tXDhuIhj+Y0p8umusrTpXbXmKxQaVIjO+bvrFKeWx0E=", "first_name": "Maya", "last_name": "Rock", "username": "MayaRock", "email": "testing.email.ek@gmail.com", "phone_number": "0850905423", "role": 2, "date_joined": "2022-09-12T13:11:39.385Z", "last_login": "2022-11-24T18:46:11.820Z", "created_date": "2022-09-12T13:11:39.385Z", "modified_date": "2022-11-23T23:02:07.110Z", "is_admin": false, "is_staff": false, "is_active": true, "is_superadmin": false}}, {"model": "accounts.user", "pk": 6, "fields": {"password": "pbkdf2_sha256$390000$kklqbtvNqFz7m5WP6kxMU4$UX3Kb04rYkamVxUOvfUx7DUb2Ls2K+iyaHvhkUUrXO8=", "first_name": "Anna", "last_name": "Janicka", "username": "Anna45", "email": "kuklaewa@o2.pl", "phone_number": "", "role": 1, "date_joined": "2022-09-12T15:41:53.190Z", "last_login": "2022-11-26T20:07:59.282Z", "created_date": "2022-09-12T15:41:53.190Z", "modified_date": "2022-09-12T15:43:00.741Z", "is_admin": false, "is_staff": false, "is_active": true, "is_superadmin": false}}, {"model": "accounts.user", "pk": 7, "fields": {"password": "pbkdf2_sha256$390000$ZSJrHIvQqxOMEkdcMzmyk0$uPJ9RtLnpjlfuYMupdJwTDiwj4IKt8ktKaWINkSECL8=", "first_name": "Paul", "last_name": "Rocky", "username": "test3@test.com", "email": "test3@test.com", "phone_number": "", "role": 1, "date_joined": "2022-09-23T22:12:27.681Z", "last_login": "2022-09-23T22:16:11.022Z", "created_date": "2022-09-23T22:12:27.681Z", "modified_date": "2022-09-23T22:15:35.513Z", "is_admin": false, "is_staff": false, "is_active": true, "is_superadmin": false}}, {"model": "accounts.userprofile", "pk": 1, "fields": {"user": 1, "profile_picture": "users/profile_pictures/chicken-1199243_1920.jpg", "cover_photo": "users/cover_photos/cover-photo-vendor-burger.jpg", "address": "Citywest Hotel, Garter Lane, Saggart, County Dublin, Ireland", "country": "Ireland", "state": "County Dublin", "city": "Saggart", "pin_code": "D24 KF8A", "latitude": "53.2860811", "longitude": "-6.4465107", "location": "SRID=4326;POINT (-6.4465107 53.2860811)", "created_at": "2022-09-12T11:06:07.640Z", "modified_at": "2022-11-26T18:40:35.534Z"}}, {"model": "accounts.userprofile", "pk": 2, "fields": {"user": 2, "profile_picture": "users/profile_pictures/profile-image-vendor_Oo3UvqE.jpg", "cover_photo": "users/cover_photos/cover-photo-vendor_F3ecD6j.jpg", "address": "Stephen's Green Club, Saint Stephen's Green, Dublin, Ireland", "country": "Ireland", "state": "County Dublin", "city": "Dublin", "pin_code": "D02 C891", "latitude": "53.3398858", "longitude": "-6.259393200000001", "location": "SRID=4326;POINT (-6.259393200000001 53.3398858)", "created_at": "2022-09-12T11:26:06.563Z", "modified_at": "2022-11-26T20:03:47.727Z"}}, {"model": "accounts.userprofile", "pk": 4, "fields": {"user": 4, "profile_picture": "users/profile_pictures/profile-image-vendor-chinese.jpg", "cover_photo": "users/cover_photos/Obraz_Maciej_Cieslak_z_Pixabay.jpg", "address": "Dublin Castle, Dame Street, Dublin 2, Ireland", "country": "Ireland", "state": "County Dublin", "city": "Dublin", "pin_code": null, "latitude": "53.34288609999999", "longitude": "-6.2674284", "location": "SRID=4326;POINT (-6.2674284 53.34288609999999)", "created_at": "2022-09-12T13:07:01.236Z", "modified_at": "2022-11-23T11:46:06.534Z"}}, {"model": "accounts.userprofile", "pk": 5, "fields": {"user": 5, "profile_picture": "users/profile_pictures/woman-g9939e867c_1920.jpg", "cover_photo": "users/cover_photos/woman-gdc46a7e62_1920.jpg", "address": "St Peter's Rd", "country": "Ireland", "state": "County Dublin", "city": "Dublin", "pin_code": "D12 EY19", "latitude": "53.3192335", "longitude": "-6.332096600000001", "location": "SRID=4326;POINT (-6.332096600000001 53.3192335)", "created_at": "2022-09-12T13:11:39.386Z", "modified_at": "2022-11-26T13:00:02.637Z"}}, {"model": "accounts.userprofile", "pk": 6, "fields": {"user": 6, "profile_picture": "users/profile_pictures/profile-image-vendor-burger_v2gLqPj.jpg", "cover_photo": "users/cover_photos/burger.jpg", "address": "Belgard Road, Tallaght, Dublin, Ireland", "country": "Ireland", "state": "County Dublin", "city": "Dublin", "pin_code": "D15 YD85", "latitude": "53.2932171", "longitude": "-6.3694685", "location": "SRID=4326;POINT (-6.3694685 53.2932171)", "created_at": "2022-09-12T15:41:53.196Z", "modified_at": "2022-11-26T20:08:18.790Z"}}, {"model": "accounts.userprofile", "pk": 7, "fields": {"user": 7, "profile_picture": "users/profile_pictures/bar-1713610_1920_y2KKd9g.jpg", "cover_photo": "users/cover_photos/pizza-3010062_1920.jpg", "address": "Dundrum Town Centre, Sandyford Road, Dundrum, Dublin 16, Ireland", "country": "Ireland", "state": "County Dublin", "city": "Dublin", "pin_code": "D16 AW95", "latitude": "53.28698199999999", "longitude": "-6.242252", "location": "SRID=4326;POINT (-6.242252 53.28698199999999)", "created_at": "2022-09-23T22:12:27.687Z", "modified_at": "2022-11-26T12:55:42.238Z"}}, {"model": "vendor.vendor", "pk": 1, "fields": {"user": 2, "user_profile": 2, "vendor_name": "Pizza & Pasta Napoli", "vendor_slug": "abc-restaurant-test", "vendor_license": "vendor/license/food-award-sample_24fqa6W.jpg", "is_approved": true, "created_at": "2022-09-12T11:26:06.594Z", "modified_at": "2022-11-26T20:03:47.729Z"}}, {"model": "vendor.vendor", "pk": 2, "fields": {"user": 4, "user_profile": 4, "vendor_name": "Abracadabra", "vendor_slug": "abracadabra", "vendor_license": "vendor/license/food-award-sample_xsQnHCX.jpg", "is_approved": true, "created_at": "2022-09-12T13:07:01.252Z", "modified_at": "2022-09-23T23:27:13.904Z"}}, {"model": "vendor.vendor", "pk": 4, "fields": {"user": 6, "user_profile": 6, "vendor_name": "Maxi Burger", "vendor_slug": "chinese-restaurant-6", "vendor_license": "vendor/license/food-award-sample_vyGbRiS.jpg", "is_approved": true, "created_at": "2022-09-12T15:41:53.219Z", "modified_at": "2022-11-26T20:08:18.793Z"}}, {"model": "vendor.vendor", "pk": 6, "fields": {"user": 5, "user_profile": 7, "vendor_name": "Restaurant Fifth", "vendor_slug": "restaurant-fifth-7", "vendor_license": "vendor/license/Screenshot_Capture_-_2022-08-30_-_19-15-32_53YVRvL.png", "is_approved": true, "created_at": "2022-09-23T22:12:27.713Z", "modified_at": "2022-11-24T11:22:55.531Z"}}, {"model": "vendor.openinghour", "pk": 2, "fields": {"vendor": 1, "day": 1, "from_hour": "06:00 AM", "to_hour": "09:30 PM", "is_closed": false}}, {"model": "vendor.openinghour", "pk": 3, "fields": {"vendor": 1, "day": 2, "from_hour": "06:00 AM", "to_hour": "11:30 AM", "is_closed": false}}, {"model": "vendor.openinghour", "pk": 4, "fields": {"vendor": 1, "day": 3, "from_hour": "06:00 AM", "to_hour": "11:30 PM", "is_closed": false}}, {"model": "vendor.openinghour", "pk": 5, "fields": {"vendor": 1, "day": 4, "from_hour": "06:00 AM", "to_hour": "11:30 PM", "is_closed": false}}, {"model": "vendor.openinghour", "pk": 6, "fields": {"vendor": 1, "day": 6, "from_hour": "06:00 AM", "to_hour": "11:30 PM", "is_closed": false}}, {"model": "vendor.openinghour", "pk": 27, "fields": {"vendor": 1, "day": 7, "from_hour": "01:00 PM", "to_hour": "02:00 AM", "is_closed": true}}, {"model": "vendor.openinghour", "pk": 41, "fields": {"vendor": 2, "day": 1, "from_hour": "01:00 PM", "to_hour": "02:00 AM", "is_closed": true}}, {"model": "vendor.openinghour", "pk": 43, "fields": {"vendor": 2, "day": 2, "from_hour": "10:30 AM", "to_hour": "11:30 PM", "is_closed": false}}, {"model": "vendor.openinghour", "pk": 44, "fields": {"vendor": 2, "day": 3, "from_hour": "10:30 AM", "to_hour": "11:30 PM", "is_closed": false}}, {"model": "vendor.openinghour", "pk": 46, "fields": {"vendor": 2, "day": 4, "from_hour": "11:30 AM", "to_hour": "02:00 AM", "is_closed": false}}, {"model": "vendor.openinghour", "pk": 47, "fields": {"vendor": 2, "day": 5, "from_hour": "11:30 AM", "to_hour": "02:00 AM", "is_closed": false}}, {"model": "vendor.openinghour", "pk": 48, "fields": {"vendor": 2, "day": 6, "from_hour": "11:30 AM", "to_hour": "02:00 AM", "is_closed": false}}, {"model": "vendor.openinghour", "pk": 49, "fields": {"vendor": 2, "day": 7, "from_hour": "01:00 PM", "to_hour": "12:00 AM", "is_closed": false}}, {"model": "vendor.openinghour", "pk": 58, "fields": {"vendor": 6, "day": 2, "from_hour": "06:00 AM", "to_hour": "09:00 PM", "is_closed": false}}, {"model": "vendor.openinghour", "pk": 59, "fields": {"vendor": 6, "day": 3, "from_hour": "06:00 AM", "to_hour": "09:00 PM", "is_closed": false}}, {"model": "vendor.openinghour", "pk": 60, "fields": {"vendor": 6, "day": 4, "from_hour": "06:00 AM", "to_hour": "11:30 PM", "is_closed": false}}, {"model": "vendor.openinghour", "pk": 61, "fields": {"vendor": 6, "day": 5, "from_hour": "06:00 AM", "to_hour": "11:30 PM", "is_closed": false}}, {"model": "vendor.openinghour", "pk": 62, "fields": {"vendor": 6, "day": 6, "from_hour": "06:00 PM", "to_hour": "02:00 AM", "is_closed": false}}, {"model": "vendor.openinghour", "pk": 63, "fields": {"vendor": 6, "day": 7, "from_hour": "11:30 PM", "to_hour": "02:00 AM", "is_closed": false}}, {"model": "vendor.openinghour", "pk": 65, "fields": {"vendor": 1, "day": 5, "from_hour": "06:00 AM", "to_hour": "11:30 PM", "is_closed": false}}, {"model": "vendor.openinghour", "pk": 68, "fields": {"vendor": 4, "day": 2, "from_hour": "10:00 AM", "to_hour": "11:30 PM", "is_closed": false}}, {"model": "vendor.openinghour", "pk": 69, "fields": {"vendor": 4, "day": 1, "from_hour": "10:00 AM", "to_hour": "11:30 PM", "is_closed": false}}, {"model": "vendor.openinghour", "pk": 70, "fields": {"vendor": 4, "day": 3, "from_hour": "10:00 AM", "to_hour": "11:30 PM", "is_closed": false}}, {"model": "vendor.openinghour", "pk": 71, "fields": {"vendor": 4, "day": 4, "from_hour": "10:00 AM", "to_hour": "11:30 PM", "is_closed": false}}, {"model": "vendor.openinghour", "pk": 72, "fields": {"vendor": 4, "day": 5, "from_hour": "10:00 AM", "to_hour": "11:30 PM", "is_closed": false}}, {"model": "vendor.openinghour", "pk": 73, "fields": {"vendor": 4, "day": 6, "from_hour": "10:00 PM", "to_hour": "02:30 AM", "is_closed": false}}, {"model": "vendor.openinghour", "pk": 74, "fields": {"vendor": 4, "day": 7, "from_hour": "10:00 PM", "to_hour": "02:30 AM", "is_closed": false}}, {"model": "menu.category", "pk": 1, "fields": {"vendor": 1, "category_name": "Pizza", "slug": "pizza", "description": "Pizza category", "created_at": "2022-09-12T11:34:38.292Z", "updated_at": "2022-09-12T11:34:38.292Z"}}, {"model": "menu.category", "pk": 2, "fields": {"vendor": 1, "category_name": "Pasta & risotto", "slug": "pasta-risotto", "description": "", "created_at": "2022-09-12T11:38:42.641Z", "updated_at": "2022-09-12T11:38:42.641Z"}}, {"model": "menu.category", "pk": 3, "fields": {"vendor": 1, "category_name": "Sea food", "slug": "sea-food", "description": "", "created_at": "2022-09-12T11:39:01.330Z", "updated_at": "2022-09-12T11:39:01.330Z"}}, {"model": "menu.category", "pk": 4, "fields": {"vendor": 1, "category_name": "Antipasti", "slug": "antipasti", "description": "Antipasto is the traditional first course of a meal.", "created_at": "2022-09-12T11:42:27.852Z", "updated_at": "2022-09-12T11:42:27.852Z"}}, {"model": "menu.category", "pk": 5, "fields": {"vendor": 2, "category_name": "Main courses", "slug": "main-courses", "description": "", "created_at": "2022-09-12T13:17:15.328Z", "updated_at": "2022-09-12T13:17:15.328Z"}}, {"model": "menu.category", "pk": 6, "fields": {"vendor": 2, "category_name": "Soups", "slug": "soups", "description": "", "created_at": "2022-09-12T13:17:29.403Z", "updated_at": "2022-09-12T13:17:29.403Z"}}, {"model": "menu.category", "pk": 7, "fields": {"vendor": 2, "category_name": "Chefs  recomendations", "slug": "chefs-recomendations", "description": "", "created_at": "2022-09-12T13:17:52.646Z", "updated_at": "2022-09-12T13:17:52.646Z"}}, {"model": "menu.category", "pk": 12, "fields": {"vendor": 4, "category_name": "Sides", "slug": "sides", "description": "", "created_at": "2022-09-23T21:09:21.532Z", "updated_at": "2022-09-23T21:09:21.532Z"}}, {"model": "menu.category", "pk": 13, "fields": {"vendor": 4, "category_name": "Burgers", "slug": "burgers", "description": "", "created_at": "2022-09-23T21:10:47.840Z", "updated_at": "2022-09-23T21:10:47.840Z"}}, {"model": "menu.category", "pk": 14, "fields": {"vendor": 4, "category_name": "Salads", "slug": "salads", "description": "", "created_at": "2022-09-23T21:45:33.775Z", "updated_at": "2022-09-23T21:45:33.775Z"}}, {"model": "menu.category", "pk": 15, "fields": {"vendor": 6, "category_name": "Chicken", "slug": "chicken", "description": "", "created_at": "2022-09-23T22:24:13.284Z", "updated_at": "2022-09-23T22:24:13.284Z"}}, {"model": "menu.category", "pk": 16, "fields": {"vendor": 6, "category_name": "Main courses", "slug": "main-courses-16", "description": "", "created_at": "2022-09-23T22:35:42.277Z", "updated_at": "2022-09-23T22:35:42.277Z"}}, {"model": "menu.category", "pk": 17, "fields": {"vendor": 6, "category_name": "Sea food", "slug": "sea-food-17", "description": "", "created_at": "2022-09-23T22:36:40.891Z", "updated_at": "2022-09-23T22:36:40.891Z"}}, {"model": "menu.category", "pk": 18, "fields": {"vendor": 6, "category_name": "Beef", "slug": "beef-18", "description": "", "created_at": "2022-09-23T22:36:54.625Z", "updated_at": "2022-09-23T22:36:54.625Z"}}, {"model": "menu.category", "pk": 19, "fields": {"vendor": 6, "category_name": "Vegetarian", "slug": "vegetarian-19", "description": "", "created_at": "2022-09-23T22:37:11.796Z", "updated_at": "2022-09-23T22:37:11.796Z"}}, {"model": "menu.fooditem", "pk": 1, "fields": {"vendor": 1, "category": 1, "food_title": "Vegetarian Pizza", "slug": "vegetarian-pizza", "description": "", "price": "16.90", "image": "foodimages/pizza-3007395__340.jpg", "is_available": true, "created_at": "2022-09-12T11:48:04.014Z", "updated_at": "2022-09-12T11:48:04.014Z"}}, {"model": "menu.fooditem", "pk": 2, "fields": {"vendor": 1, "category": 3, "food_title": "Salmon", "slug": "salmon", "description": "Test", "price": "19.50", "image": "foodimages/salmon_zMP3QGr.jpg", "is_available": true, "created_at": "2022-09-12T11:52:10.350Z", "updated_at": "2022-09-12T11:52:10.350Z"}}, {"model": "menu.fooditem", "pk": 3, "fields": {"vendor": 1, "category": 1, "food_title": "Pizza peperoni", "slug": "pizza-peperoni", "description": "", "price": "12.00", "image": "foodimages/pizza-5107039_1920.jpg", "is_available": true, "created_at": "2022-09-12T12:06:05.135Z", "updated_at": "2022-09-12T12:06:05.136Z"}}, {"model": "menu.fooditem", "pk": 4, "fields": {"vendor": 1, "category": 2, "food_title": "Risotto Funghi", "slug": "risotto-funghi", "description": "Italian food made prepared with porcini mushrooms and cream sause", "price": "17.00", "image": "foodimages/risotto-1126412_1920.jpg", "is_available": true, "created_at": "2022-09-12T12:15:28.382Z", "updated_at": "2022-09-12T12:15:28.382Z"}}, {"model": "menu.fooditem", "pk": 5, "fields": {"vendor": 2, "category": 7, "food_title": "Sushi", "slug": "sushi", "description": "", "price": "15.00", "image": "foodimages/sushi-6512533_1920.jpg", "is_available": true, "created_at": "2022-09-12T13:22:59.755Z", "updated_at": "2022-09-12T13:22:59.755Z"}}, {"model": "menu.fooditem", "pk": 6, "fields": {"vendor": 2, "category": 5, "food_title": "Mussels", "slug": "mussels", "description": "", "price": "26.00", "image": "foodimages/shellfish-2114006_1920.jpg", "is_available": true, "created_at": "2022-09-12T13:24:14.365Z", "updated_at": "2022-09-12T13:24:14.365Z"}}, {"model": "menu.fooditem", "pk": 7, "fields": {"vendor": 2, "category": 6, "food_title": "Prawns soup", "slug": "prawns-soup", "description": "", "price": "18.00", "image": "foodimages/shrimp-261804_1920_mYaVHKv.jpg", "is_available": true, "created_at": "2022-09-12T13:25:18.695Z", "updated_at": "2022-09-12T13:25:18.695Z"}}, {"model": "menu.fooditem", "pk": 9, "fields": {"vendor": 2, "category": 5, "food_title": "Smoked Duck Heart Rice", "slug": "smoked-duck-heart-rice", "description": "", "price": "23.00", "image": "foodimages/peking-duck-5695632_1920.jpg", "is_available": true, "created_at": "2022-09-23T21:22:08.979Z", "updated_at": "2022-09-23T21:22:08.979Z"}}, {"model": "menu.fooditem", "pk": 10, "fields": {"vendor": 2, "category": 5, "food_title": "MaPo Tofu, Sizzling Minced Pork, Chilli Bean", "slug": "mapo-tofu-sizzling-minced-pork-chilli-bean", "description": "", "price": "25.00", "image": "foodimages/pasta-7209002_1920.jpg", "is_available": true, "created_at": "2022-09-23T21:24:31.010Z", "updated_at": "2022-09-23T21:24:31.010Z"}}, {"model": "menu.fooditem", "pk": 12, "fields": {"vendor": 2, "category": 6, "food_title": "Chinese soup", "slug": "chinese-soup", "description": "", "price": "13.00", "image": "foodimages/dumplings-632206_1920.jpg", "is_available": true, "created_at": "2022-09-23T21:29:55.067Z", "updated_at": "2022-09-23T21:29:55.067Z"}}, {"model": "menu.fooditem", "pk": 13, "fields": {"vendor": 2, "category": 7, "food_title": "Kimchi", "slug": "kimchi", "description": "", "price": "12.00", "image": "foodimages/kimchi-3838674_1920.jpg", "is_available": true, "created_at": "2022-09-23T21:34:48.720Z", "updated_at": "2022-09-23T21:34:48.720Z"}}, {"model": "menu.fooditem", "pk": 14, "fields": {"vendor": 4, "category": 13, "food_title": "Beef Burger", "slug": "beef-burger", "description": "is made from 100%  Beef, wholegrain mustard, onions, and smoked cheese, all on a soft brioche bun.", "price": "11.00", "image": "foodimages/burger-5893927_1920.jpg", "is_available": true, "created_at": "2022-09-23T21:49:05.090Z", "updated_at": "2022-09-23T21:49:05.090Z"}}, {"model": "menu.fooditem", "pk": 15, "fields": {"vendor": 4, "category": 13, "food_title": "Double Beef Burger", "slug": "double-beef-burger", "description": "", "price": "12.00", "image": "foodimages/burger-7422970_1920.jpg", "is_available": true, "created_at": "2022-09-23T21:50:00.344Z", "updated_at": "2022-09-23T21:50:00.344Z"}}, {"model": "menu.fooditem", "pk": 16, "fields": {"vendor": 4, "category": 13, "food_title": "Fryer Burger", "slug": "fryer-burger", "description": "", "price": "13.00", "image": "foodimages/hamburger-7422968_1920.jpg", "is_available": true, "created_at": "2022-09-23T21:51:02.386Z", "updated_at": "2022-09-23T21:51:02.386Z"}}, {"model": "menu.fooditem", "pk": 17, "fields": {"vendor": 4, "category": 12, "food_title": "Chicken nugets", "slug": "chicken-nugets", "description": "", "price": "8.00", "image": "foodimages/chicken-nuggets-246180_1920.jpg", "is_available": true, "created_at": "2022-09-23T21:55:03.200Z", "updated_at": "2022-09-23T21:55:03.200Z"}}, {"model": "menu.fooditem", "pk": 18, "fields": {"vendor": 4, "category": 12, "food_title": "Fries", "slug": "fries", "description": "", "price": "5.00", "image": "foodimages/french-fries-5332766_1920.jpg", "is_available": true, "created_at": "2022-09-23T21:56:21.709Z", "updated_at": "2022-09-23T21:56:21.709Z"}}, {"model": "menu.fooditem", "pk": 19, "fields": {"vendor": 4, "category": 12, "food_title": "Wedges", "slug": "wedges", "description": "", "price": "4.00", "image": "foodimages/potato-706470_1920.jpg", "is_available": true, "created_at": "2022-09-23T21:57:36.702Z", "updated_at": "2022-09-23T21:57:36.702Z"}}, {"model": "menu.fooditem", "pk": 20, "fields": {"vendor": 4, "category": 14, "food_title": "Greek Salad", "slug": "greek-salad", "description": "", "price": "6.00", "image": "foodimages/salad-5904093_1920.jpg", "is_available": true, "created_at": "2022-09-23T21:59:02.410Z", "updated_at": "2022-09-23T21:59:02.410Z"}}, {"model": "menu.fooditem", "pk": 21, "fields": {"vendor": 4, "category": 14, "food_title": "Spinach & Beetroot salad", "slug": "spinach-beetroot-salad", "description": "", "price": "6.00", "image": "foodimages/salad-1786327_1920.jpg", "is_available": true, "created_at": "2022-09-23T22:00:00.229Z", "updated_at": "2022-09-23T22:00:00.229Z"}}, {"model": "menu.fooditem", "pk": 22, "fields": {"vendor": 6, "category": 15, "food_title": "Chicken drumsticks", "slug": "chicken-drumsticks", "description": "", "price": "5.00", "image": "foodimages/chicken-2451482_1920.jpg", "is_available": true, "created_at": "2022-09-23T22:38:11.683Z", "updated_at": "2022-09-23T22:38:11.683Z"}}, {"model": "menu.fooditem", "pk": 23, "fields": {"vendor": 6, "category": 17, "food_title": "King Prawns", "slug": "king-prawns", "description": "", "price": "16.00", "image": "foodimages/Obraz_Maciej_Cieslak_z_Pixabay.jpg", "is_available": true, "created_at": "2022-09-23T22:43:41.437Z", "updated_at": "2022-09-23T22:43:41.437Z"}}, {"model": "menu.fooditem", "pk": 24, "fields": {"vendor": 6, "category": 15, "food_title": "Whole Chicken", "slug": "whole-chicken", "description": "", "price": "8.00", "image": "foodimages/chicken-1199243_1920.jpg", "is_available": true, "created_at": "2022-09-23T22:45:10.608Z", "updated_at": "2022-09-23T22:45:10.608Z"}}, {"model": "menu.fooditem", "pk": 25, "fields": {"vendor": 6, "category": 16, "food_title": "Steak", "slug": "steak", "description": "", "price": "19.00", "image": "foodimages/steak-3766548_1920.jpg", "is_available": true, "created_at": "2022-09-23T22:45:56.542Z", "updated_at": "2022-09-23T22:45:56.542Z"}}, {"model": "menu.fooditem", "pk": 26, "fields": {"vendor": 6, "category": 18, "food_title": "Beef Goulash", "slug": "beef-goulash", "description": "", "price": "12.00", "image": "foodimages/goulash-3502645_1920.jpg", "is_available": true, "created_at": "2022-09-23T22:47:45.805Z", "updated_at": "2022-09-23T22:47:45.805Z"}}, {"model": "menu.fooditem", "pk": 27, "fields": {"vendor": 6, "category": 19, "food_title": "Fried Tofu", "slug": "fried-tofu", "description": "", "price": "11.00", "image": "foodimages/vegetarian-diet-1141242_1920.jpg", "is_available": true, "created_at": "2022-09-23T22:50:12.475Z", "updated_at": "2022-09-23T22:50:12.475Z"}}, {"model": "menu.fooditem", "pk": 28, "fields": {"vendor": 6, "category": 19, "food_title": "Pizza Margarita", "slug": "pizza-margarita", "description": "", "price": "9.00", "image": "foodimages/pizza-3010062_1920_1.jpg", "is_available": true, "created_at": "2022-09-23T22:51:33.762Z", "updated_at": "2022-09-23T22:51:33.762Z"}}, {"model": "menu.fooditem", "pk": 29, "fields": {"vendor": 6, "category": 19, "food_title": "Pesto pasta", "slug": "pesto-pasta", "description": "", "price": "9.00", "image": "foodimages/pasta-1854245_1920.jpg", "is_available": true, "created_at": "2022-09-23T22:52:40.948Z", "updated_at": "2022-09-23T22:52:40.948Z"}}, {"model": "marketplace.cart", "pk": 138, "fields": {"user": 5, "fooditem": 10, "quantity": 1, "created_at": "2022-11-24T11:07:16.705Z", "updated_at": "2022-11-24T11:07:16.705Z"}}, {"model": "marketplace.cart", "pk": 139, "fields": {"user": 5, "fooditem": 4, "quantity": 1, "created_at": "2022-11-24T11:07:29.860Z", "updated_at": "2022-11-24T11:07:29.860Z"}}, {"model": "marketplace.cart", "pk": 140, "fields": {"user": 2, "fooditem": 22, "quantity": 1, "created_at": "2022-11-25T22:06:29.237Z", "updated_at": "2022-11-25T22:06:29.237Z"}}, {"model": "marketplace.tax", "pk": 1, "fields": {"tax_type": "Second-Tier-VAT", "tax_percentage": "13.50", "is_active": true}}, {"model": "marketplace.tax", "pk": 2, "fields": {"tax_type": "Third-Tier-VAT", "tax_percentage": "9.00", "is_active": true}}, {"model": "orders.payment", "pk": 1, "fields": {"user": 5, "transaction_id": "6VA09625MC211780D", "payment_method": "PayPal", "amount": "89.18", "status": "COMPLETED", "created_at": "2022-11-13T22:43:51.278Z"}}, {"model": "orders.payment", "pk": 2, "fields": {"user": 5, "transaction_id": "6C918754HX888642N", "payment_method": "PayPal", "amount": "89.18", "status": "COMPLETED", "created_at": "2022-11-13T23:09:34.000Z"}}, {"model": "orders.payment", "pk": 3, "fields": {"user": 5, "transaction_id": "40U33671XA9802400", "payment_method": "PayPal", "amount": "89.18", "status": "COMPLETED", "created_at": "2022-11-13T23:10:55.280Z"}}, {"model": "orders.payment", "pk": 4, "fields": {"user": 5, "transaction_id": "5XN57374YC518241W", "payment_method": "PayPal", "amount": "91.14", "status": "COMPLETED", "created_at": "2022-11-14T22:20:41.074Z"}}, {"model": "orders.payment", "pk": 5, "fields": {"user": 5, "transaction_id": "7W199983GR285113V", "payment_method": "PayPal", "amount": "91.14", "status": "COMPLETED", "created_at": "2022-11-14T23:06:49.676Z"}}, {"model": "orders.payment", "pk": 6, "fields": {"user": 5, "transaction_id": "39V48428CT707434U", "payment_method": "PayPal", "amount": "35.4", "status": "COMPLETED", "created_at": "2022-11-14T23:35:03.133Z"}}, {"model": "orders.payment", "pk": 7, "fields": {"user": 5, "transaction_id": "0EM12801PN628782X", "payment_method": "PayPal", "amount": "13.47", "status": "COMPLETED", "created_at": "2022-11-14T23:46:28.416Z"}}, {"model": "orders.payment", "pk": 8, "fields": {"user": 5, "transaction_id": "2CJ68919RN1921135", "payment_method": "PayPal", "amount": "13.47", "status": "COMPLETED", "created_at": "2022-11-15T00:10:17.132Z"}}, {"model": "orders.payment", "pk": 9, "fields": {"user": 5, "transaction_id": "7GL309995A5069419", "payment_method": "PayPal", "amount": "118.83", "status": "COMPLETED", "created_at": "2022-11-16T00:00:48.573Z"}}, {"model": "orders.payment", "pk": 10, "fields": {"user": 5, "transaction_id": "8RD18342MA0272231", "payment_method": "PayPal", "amount": "118.83", "status": "COMPLETED", "created_at": "2022-11-16T00:07:02.812Z"}}, {"model": "orders.payment", "pk": 11, "fields": {"user": 5, "transaction_id": "70D37251UP141572M", "payment_method": "PayPal", "amount": "145.16", "status": "COMPLETED", "created_at": "2022-11-18T11:24:53.147Z"}}, {"model": "orders.payment", "pk": 12, "fields": {"user": 5, "transaction_id": "2SG063847W3402718", "payment_method": "PayPal", "amount": "52.67", "status": "COMPLETED", "created_at": "2022-11-19T15:31:37.049Z"}}, {"model": "orders.payment", "pk": 14, "fields": {"user": 5, "transaction_id": "3FL43294RU809025M", "payment_method": "PayPal", "amount": "11.03", "status": "COMPLETED", "created_at": "2022-11-23T12:33:02.331Z"}}, {"model": "orders.payment", "pk": 15, "fields": {"user": 5, "transaction_id": "6T333391SP496552U", "payment_method": "PayPal", "amount": "11.03", "status": "COMPLETED", "created_at": "2022-11-23T12:40:52.461Z"}}, {"model": "orders.payment", "pk": 16, "fields": {"user": 5, "transaction_id": "22G73333DY578415H", "payment_method": "PayPal", "amount": "11.03", "status": "COMPLETED", "created_at": "2022-11-23T13:01:41.040Z"}}, {"model": "orders.payment", "pk": 17, "fields": {"user": 5, "transaction_id": "0WB05571JT030003R", "payment_method": "PayPal", "amount": "11.03", "status": "COMPLETED", "created_at": "2022-11-23T22:32:53.736Z"}}, {"model": "orders.payment", "pk": 18, "fields": {"user": 5, "transaction_id": "8X723500GV2306324", "payment_method": "PayPal", "amount": "11.03", "status": "COMPLETED", "created_at": "2022-11-23T22:48:56.847Z"}}, {"model": "orders.payment", "pk": 19, "fields": {"user": 5, "transaction_id": "2KY53964DN583180D", "payment_method": "PayPal", "amount": "11.03", "status": "COMPLETED", "created_at": "2022-11-23T23:03:13.789Z"}}, {"model": "orders.payment", "pk": 20, "fields": {"user": 5, "transaction_id": "1GX8026261238390L", "payment_method": "PayPal", "amount": "11.03", "status": "COMPLETED", "created_at": "2022-11-23T23:21:47.335Z"}}, {"model": "orders.payment", "pk": 21, "fields": {"user": 5, "transaction_id": "5WA72853FB3454641", "payment_method": "PayPal", "amount": "11.03", "status": "COMPLETED", "created_at": "2022-11-23T23:40:30.089Z"}}, {"model": "orders.payment", "pk": 22, "fields": {"user": 5, "transaction_id": "23L98830RH751204J", "payment_method": "PayPal", "amount": "62.47", "status": "COMPLETED", "created_at": "2022-11-24T11:09:01.157Z"}}, {"model": "orders.payment", "pk": 23, "fields": {"user": 5, "transaction_id": "4J64858002818411U", "payment_method": "PayPal", "amount": "62.47", "status": "COMPLETED", "created_at": "2022-11-24T12:22:51.067Z"}}, {"model": "orders.order", "pk": 41, "fields": {"user": 5, "payment": 11, "order_number": "2022111811234441", "first_name": "Maya", "last_name": "Rock", "phone": "0850905423", "email": "test@test.com", "address": "Walkinstown, Dublin, Ireland", "country": "Ireland", "state": "County Dublin", "city": "Dublin", "pin_code": "H91 AN", "total": 145.16, "tax_data": "{\"Second-Tier-VAT\": {\"13.50\": 16.00}, \"Third-Tier-VAT\": {\"9.00\": 10.66}}", "total_data": null, "total_tax": 26.66, "payment_method": "PayPal", "status": "New", "is_ordered": true, "created_at": "2022-11-18T11:23:44.777Z", "updated_at": "2022-11-18T13:40:50.300Z", "vendors": [2, 1]}}, {"model": "orders.order", "pk": 42, "fields": {"user": 5, "payment": null, "order_number": "2022111811305942", "first_name": "Maya", "last_name": "Rock", "phone": "0850905423", "email": "test@test.com", "address": "Walkinstown, Dublin, Ireland", "country": "Ireland", "state": "County Dublin", "city": "Dublin", "pin_code": "H91 AN", "total": 42.87, "tax_data": "{\"Second-Tier-VAT\": {\"13.50\": 4.72}, \"Third-Tier-VAT\": {\"9.00\": 3.15}}", "total_data": null, "total_tax": 7.87, "payment_method": "PayPal", "status": "New", "is_ordered": true, "created_at": "2022-11-18T11:30:59.088Z", "updated_at": "2022-11-18T13:40:36.785Z", "vendors": [2, 1, 4]}}, {"model": "orders.order", "pk": 43, "fields": {"user": 5, "payment": null, "order_number": "2022111812115343", "first_name": "Maya", "last_name": "Rock", "phone": "0850905423", "email": "test@test.com", "address": "Walkinstown, Dublin, Ireland", "country": "Ireland", "state": "County Dublin", "city": "Dublin", "pin_code": "H91 AN", "total": 49.0, "tax_data": "{\"Second-Tier-VAT\": {\"13.50\": 5.40}, \"Third-Tier-VAT\": {\"9.00\": 3.60}}", "total_data": null, "total_tax": 9.0, "payment_method": "PayPal", "status": "New", "is_ordered": true, "created_at": "2022-11-18T12:11:53.485Z", "updated_at": "2022-11-18T13:40:19.287Z", "vendors": [2, 1]}}, {"model": "orders.order", "pk": 44, "fields": {"user": 5, "payment": null, "order_number": "2022111812141044", "first_name": "Maya", "last_name": "Rock", "phone": "0850905423", "email": "test@test.com", "address": "Walkinstown, Dublin, Ireland", "country": "Ireland", "state": "County Dublin", "city": "Dublin", "pin_code": "H91 AN", "total": 49.0, "tax_data": "{\"Second-Tier-VAT\": {\"13.50\": 5.40}, \"Third-Tier-VAT\": {\"9.00\": 3.60}}", "total_data": null, "total_tax": 9.0, "payment_method": "PayPal", "status": "New", "is_ordered": true, "created_at": "2022-11-18T12:14:10.246Z", "updated_at": "2022-11-18T13:39:58.719Z", "vendors": [2, 6, 4]}}, {"model": "orders.order", "pk": 45, "fields": {"user": 5, "payment": null, "order_number": "2022111812390945", "first_name": "Maya", "last_name": "Rock", "phone": "0850905423", "email": "test@test.com", "address": "Walkinstown, Dublin, Ireland", "country": "Ireland", "state": "County Dublin", "city": "Dublin", "pin_code": "H91 AN", "total": 55.13, "tax_data": "{\"Second-Tier-VAT\": {\"13.50\": 6.08}, \"Third-Tier-VAT\": {\"9.00\": 4.05}}", "total_data": null, "total_tax": 10.13, "payment_method": "PayPal", "status": "New", "is_ordered": true, "created_at": "2022-11-18T12:39:09.268Z", "updated_at": "2022-11-18T13:39:18.423Z", "vendors": [6, 1, 4]}}, {"model": "orders.order", "pk": 54, "fields": {"user": 5, "payment": null, "order_number": "2022111816193854", "first_name": "Maya", "last_name": "Rock", "phone": "0850905423", "email": "test@test.com", "address": "Walkinstown, Dublin, Ireland", "country": "Ireland", "state": "County Dublin", "city": "Dublin", "pin_code": "H91 AN", "total": 114.54, "tax_data": "{\"Second-Tier-VAT\": {\"13.50\": 12.62}, \"Third-Tier-VAT\": {\"9.00\": 8.42}}", "total_data": null, "total_tax": 21.04, "payment_method": "PayPal", "status": "New", "is_ordered": true, "created_at": "2022-11-18T16:19:38.639Z", "updated_at": "2022-11-19T15:16:20.842Z", "vendors": [2, 6, 1, 4]}}, {"model": "orders.order", "pk": 56, "fields": {"user": 5, "payment": null, "order_number": "2022111816240856", "first_name": "Maya", "last_name": "Rock", "phone": "0850905423", "email": "test@test.com", "address": "Walkinstown, Dublin, Ireland", "country": "Ireland", "state": "County Dublin", "city": "Dublin", "pin_code": "H91 AN", "total": 114.54, "tax_data": "{\"Second-Tier-VAT\": {\"13.50\": 12.62}, \"Third-Tier-VAT\": {\"9.00\": 8.42}}", "total_data": "{\"6\": {\"9.00\": \"{'Second-Tier-VAT': {'13.50': '1.22'}, 'Third-Tier-VAT': {'9.00': '0.81'}}\"}, \"4\": {\"38.00\": \"{'Second-Tier-VAT': {'13.50': '5.13'}, 'Third-Tier-VAT': {'9.00': '3.42'}}\"}, \"2\": {\"27.00\": \"{'Second-Tier-VAT': {'13.50': '3.64'}, 'Third-Tier-VAT': {'9.00': '2.43'}}\"}, \"1\": {\"19.50\": \"{'Second-Tier-VAT': {'13.50': '2.63'}, 'Third-Tier-VAT': {'9.00': '1.76'}}\"}}", "total_tax": 21.04, "payment_method": "PayPal", "status": "New", "is_ordered": true, "created_at": "2022-11-18T16:24:08.050Z", "updated_at": "2022-11-18T17:31:07.464Z", "vendors": [2, 6, 1, 4]}}, {"model": "orders.order", "pk": 57, "fields": {"user": 5, "payment": null, "order_number": "2022111911354157", "first_name": "Maya", "last_name": "Rock", "phone": "0850905423", "email": "test@test.com", "address": "Walkinstown, Dublin, Ireland", "country": "Ireland", "state": "County Dublin", "city": "Dublin", "pin_code": "H91 AN", "total": 74.11, "tax_data": "{\"Second-Tier-VAT\": {\"13.50\": 8.17}, \"Third-Tier-VAT\": {\"9.00\": 5.44}}", "total_data": "{\"6\": {\"9.00\": \"{'Second-Tier-VAT': {'13.50': '1.22'}, 'Third-Tier-VAT': {'9.00': '0.81'}}\"}, \"4\": {\"5.00\": \"{'Second-Tier-VAT': {'13.50': '0.68'}, 'Third-Tier-VAT': {'9.00': '0.45'}}\"}, \"2\": {\"27.00\": \"{'Second-Tier-VAT': {'13.50': '3.64'}, 'Third-Tier-VAT': {'9.00': '2.43'}}\"}, \"1\": {\"19.50\": \"{'Second-Tier-VAT': {'13.50': '2.63'}, 'Third-Tier-VAT': {'9.00': '1.76'}}\"}}", "total_tax": 13.61, "payment_method": "PayPal", "status": "New", "is_ordered": true, "created_at": "2022-11-19T11:35:41.127Z", "updated_at": "2022-11-19T11:43:04.420Z", "vendors": [2, 6, 1, 4]}}, {"model": "orders.order", "pk": 58, "fields": {"user": 5, "payment": null, "order_number": "2022111911415158", "first_name": "Maya", "last_name": "Rock", "phone": "0850905423", "email": "test@test.com", "address": "Walkinstown, Dublin, Ireland", "country": "Ireland", "state": "County Dublin", "city": "Dublin", "pin_code": "H91 AN", "total": 74.11, "tax_data": "{\"Second-Tier-VAT\": {\"13.50\": 8.17}, \"Third-Tier-VAT\": {\"9.00\": 5.44}}", "total_data": "{\"6\": {\"9.00\": \"{'Second-Tier-VAT': {'13.50': '1.22'}, 'Third-Tier-VAT': {'9.00': '0.81'}}\"}, \"4\": {\"5.00\": \"{'Second-Tier-VAT': {'13.50': '0.68'}, 'Third-Tier-VAT': {'9.00': '0.45'}}\"}, \"2\": {\"27.00\": \"{'Second-Tier-VAT': {'13.50': '3.64'}, 'Third-Tier-VAT': {'9.00': '2.43'}}\"}, \"1\": {\"19.50\": \"{'Second-Tier-VAT': {'13.50': '2.63'}, 'Third-Tier-VAT': {'9.00': '1.76'}}\"}}", "total_tax": 13.61, "payment_method": "PayPal", "status": "New", "is_ordered": true, "created_at": "2022-11-19T11:41:51.333Z", "updated_at": "2022-11-19T11:42:56.607Z", "vendors": [2, 6, 1, 4]}}, {"model": "orders.order", "pk": 59, "fields": {"user": 5, "payment": 12, "order_number": "2022111915304159", "first_name": "Maya", "last_name": "Rock", "phone": "0850905423", "email": "test@test.com", "address": "Walkinstown, Dublin, Ireland", "country": "Ireland", "state": "County Dublin", "city": "Dublin", "pin_code": "H91 AN", "total": 52.67, "tax_data": "{\"Second-Tier-VAT\": {\"13.50\": 5.80}, \"Third-Tier-VAT\": {\"9.00\": 3.87}}", "total_data": "{\"6\": {\"9.00\": \"{'Second-Tier-VAT': {'13.50': '1.22'}, 'Third-Tier-VAT': {'9.00': '0.81'}}\"}, \"4\": {\"5.00\": \"{'Second-Tier-VAT': {'13.50': '0.68'}, 'Third-Tier-VAT': {'9.00': '0.45'}}\"}, \"2\": {\"12.00\": \"{'Second-Tier-VAT': {'13.50': '1.62'}, 'Third-Tier-VAT': {'9.00': '1.08'}}\"}, \"1\": {\"17.00\": \"{'Second-Tier-VAT': {'13.50': '2.30'}, 'Third-Tier-VAT': {'9.00': '1.53'}}\"}}", "total_tax": 9.67, "payment_method": "PayPal", "status": "New", "is_ordered": true, "created_at": "2022-11-19T15:30:41.795Z", "updated_at": "2022-11-19T15:31:37.051Z", "vendors": [2, 6, 1, 4]}}, {"model": "orders.order", "pk": 60, "fields": {"user": null, "payment": null, "order_number": "2022112312171660", "first_name": "Lara", "last_name": "Randall", "phone": "0873268753", "email": "testing.email.ek@gmail.com", "address": "13 Llewelyn Court", "country": "Dublin", "state": "Dublin", "city": "Dudlin", "pin_code": "D12WDS5", "total": 20.7, "tax_data": "{\"Second-Tier-VAT\": {\"13.50\": 2.28}, \"Third-Tier-VAT\": {\"9.00\": 1.52}}", "total_data": "{\"1\": {\"16.90\": \"{'Second-Tier-VAT': {'13.50': '2.28'}, 'Third-Tier-VAT': {'9.00': '1.52'}}\"}}", "total_tax": 3.8, "payment_method": "PayPal", "status": "New", "is_ordered": true, "created_at": "2022-11-23T12:17:16.344Z", "updated_at": "2022-11-23T12:21:00.870Z", "vendors": [1]}}, {"model": "orders.order", "pk": 61, "fields": {"user": null, "payment": null, "order_number": "2022112312221661", "first_name": "Lara", "last_name": "Randall", "phone": "0873268753", "email": "testing.email.ek@gmail.com", "address": "13 Llewelyn Court", "country": "Dublin", "state": "Dublin", "city": "Dudlin", "pin_code": "D12WDS5", "total": 20.7, "tax_data": "{\"Second-Tier-VAT\": {\"13.50\": 2.28}, \"Third-Tier-VAT\": {\"9.00\": 1.52}}", "total_data": "{\"1\": {\"16.90\": \"{'Second-Tier-VAT': {'13.50': '2.28'}, 'Third-Tier-VAT': {'9.00': '1.52'}}\"}}", "total_tax": 3.8, "payment_method": "PayPal", "status": "New", "is_ordered": false, "created_at": "2022-11-23T12:22:16.609Z", "updated_at": "2022-11-23T12:22:16.615Z", "vendors": [1]}}, {"model": "orders.order", "pk": 62, "fields": {"user": 5, "payment": 14, "order_number": "2022112312325062", "first_name": "Maya", "last_name": "Rock", "phone": "0850905423", "email": "testing.email.ek@gmail.com", "address": "Walkinstown, Dublin, Ireland", "country": "Ireland", "state": "County Dublin", "city": "Dublin", "pin_code": "H91 AN", "total": 11.03, "tax_data": "{\"Second-Tier-VAT\": {\"13.50\": 1.22}, \"Third-Tier-VAT\": {\"9.00\": 0.81}}", "total_data": "{\"6\": {\"9.00\": \"{'Second-Tier-VAT': {'13.50': '1.22'}, 'Third-Tier-VAT': {'9.00': '0.81'}}\"}}", "total_tax": 2.03, "payment_method": "PayPal", "status": "New", "is_ordered": true, "created_at": "2022-11-23T12:32:50.861Z", "updated_at": "2022-11-23T12:33:02.335Z", "vendors": [6]}}, {"model": "orders.order", "pk": 63, "fields": {"user": 5, "payment": null, "order_number": "2022112312335963", "first_name": "Maya", "last_name": "Rock", "phone": "0850905423", "email": "testing.email.ek@gmail.com", "address": "Walkinstown, Dublin, Ireland", "country": "Ireland", "state": "County Dublin", "city": "Dublin", "pin_code": "H91 AN", "total": 11.03, "tax_data": "{\"Second-Tier-VAT\": {\"13.50\": 1.22}, \"Third-Tier-VAT\": {\"9.00\": 0.81}}", "total_data": "{\"6\": {\"9.00\": \"{'Second-Tier-VAT': {'13.50': '1.22'}, 'Third-Tier-VAT': {'9.00': '0.81'}}\"}}", "total_tax": 2.03, "payment_method": "PayPal", "status": "New", "is_ordered": false, "created_at": "2022-11-23T12:33:59.050Z", "updated_at": "2022-11-23T12:33:59.058Z", "vendors": [6]}}, {"model": "orders.order", "pk": 64, "fields": {"user": 5, "payment": 15, "order_number": "2022112312403964", "first_name": "Maya", "last_name": "Rock", "phone": "0850905423", "email": "test@test.com", "address": "Walkinstown, Dublin, Ireland", "country": "Ireland", "state": "County Dublin", "city": "Dublin", "pin_code": "H91 AN", "total": 11.03, "tax_data": "{\"Second-Tier-VAT\": {\"13.50\": 1.22}, \"Third-Tier-VAT\": {\"9.00\": 0.81}}", "total_data": "{\"6\": {\"9.00\": \"{'Second-Tier-VAT': {'13.50': '1.22'}, 'Third-Tier-VAT': {'9.00': '0.81'}}\"}}", "total_tax": 2.03, "payment_method": "PayPal", "status": "New", "is_ordered": true, "created_at": "2022-11-23T12:40:39.416Z", "updated_at": "2022-11-23T12:40:52.464Z", "vendors": [6]}}, {"model": "orders.order", "pk": 65, "fields": {"user": 5, "payment": null, "order_number": "2022112312412365", "first_name": "Maya", "last_name": "Rock", "phone": "0850905423", "email": "test@test.com", "address": "Walkinstown, Dublin, Ireland", "country": "Ireland", "state": "County Dublin", "city": "Dublin", "pin_code": "H91 AN", "total": 11.03, "tax_data": "{\"Second-Tier-VAT\": {\"13.50\": 1.22}, \"Third-Tier-VAT\": {\"9.00\": 0.81}}", "total_data": "{\"6\": {\"9.00\": \"{'Second-Tier-VAT': {'13.50': '1.22'}, 'Third-Tier-VAT': {'9.00': '0.81'}}\"}}", "total_tax": 2.03, "payment_method": "PayPal", "status": "New", "is_ordered": false, "created_at": "2022-11-23T12:41:23.238Z", "updated_at": "2022-11-23T12:41:23.244Z", "vendors": [6]}}, {"model": "orders.order", "pk": 66, "fields": {"user": 5, "payment": null, "order_number": "2022112312583166", "first_name": "Maya", "last_name": "Rock", "phone": "0850905423", "email": "test@test.com", "address": "Walkinstown, Dublin, Ireland", "country": "Ireland", "state": "County Dublin", "city": "Dublin", "pin_code": "H91 AN", "total": 11.03, "tax_data": "{\"Second-Tier-VAT\": {\"13.50\": 1.22}, \"Third-Tier-VAT\": {\"9.00\": 0.81}}", "total_data": "{\"6\": {\"9.00\": \"{'Second-Tier-VAT': {'13.50': '1.22'}, 'Third-Tier-VAT': {'9.00': '0.81'}}\"}}", "total_tax": 2.03, "payment_method": "PayPal", "status": "New", "is_ordered": false, "created_at": "2022-11-23T12:58:31.477Z", "updated_at": "2022-11-23T12:58:31.481Z", "vendors": [6]}}, {"model": "orders.order", "pk": 67, "fields": {"user": 5, "payment": 16, "order_number": "2022112312585367", "first_name": "Maya", "last_name": "Rock", "phone": "0850905423", "email": "test@test.com", "address": "Walkinstown, Dublin, Ireland", "country": "Ireland", "state": "County Dublin", "city": "Dublin", "pin_code": "H91 AN", "total": 11.03, "tax_data": "{\"Second-Tier-VAT\": {\"13.50\": 1.22}, \"Third-Tier-VAT\": {\"9.00\": 0.81}}", "total_data": "{\"6\": {\"9.00\": \"{'Second-Tier-VAT': {'13.50': '1.22'}, 'Third-Tier-VAT': {'9.00': '0.81'}}\"}}", "total_tax": 2.03, "payment_method": "PayPal", "status": "New", "is_ordered": true, "created_at": "2022-11-23T12:58:53.937Z", "updated_at": "2022-11-23T13:01:41.044Z", "vendors": [6]}}, {"model": "orders.order", "pk": 68, "fields": {"user": 5, "payment": 17, "order_number": "2022112322310668", "first_name": "Maya", "last_name": "Rock", "phone": "0850905423", "email": "test@test.com", "address": "Walkinstown, Dublin, Ireland", "country": "Ireland", "state": "County Dublin", "city": "Dublin", "pin_code": "H91 AN", "total": 11.03, "tax_data": "{\"Second-Tier-VAT\": {\"13.50\": 1.22}, \"Third-Tier-VAT\": {\"9.00\": 0.81}}", "total_data": "{\"6\": {\"9.00\": \"{'Second-Tier-VAT': {'13.50': '1.22'}, 'Third-Tier-VAT': {'9.00': '0.81'}}\"}}", "total_tax": 2.03, "payment_method": "PayPal", "status": "New", "is_ordered": true, "created_at": "2022-11-23T22:31:06.210Z", "updated_at": "2022-11-23T22:32:53.740Z", "vendors": [6]}}, {"model": "orders.order", "pk": 69, "fields": {"user": 5, "payment": 18, "order_number": "2022112322484669", "first_name": "Maya", "last_name": "Rock", "phone": "0850905423", "email": "test@test.com", "address": "Walkinstown, Dublin, Ireland", "country": "Ireland", "state": "County Dublin", "city": "Dublin", "pin_code": "H91 AN", "total": 11.03, "tax_data": "{\"Second-Tier-VAT\": {\"13.50\": 1.22}, \"Third-Tier-VAT\": {\"9.00\": 0.81}}", "total_data": "{\"6\": {\"9.00\": \"{'Second-Tier-VAT': {'13.50': '1.22'}, 'Third-Tier-VAT': {'9.00': '0.81'}}\"}}", "total_tax": 2.03, "payment_method": "PayPal", "status": "New", "is_ordered": true, "created_at": "2022-11-23T22:48:46.451Z", "updated_at": "2022-11-23T22:48:56.851Z", "vendors": [6]}}, {"model": "orders.order", "pk": 70, "fields": {"user": 5, "payment": null, "order_number": "2022112322561370", "first_name": "Maya", "last_name": "Rock", "phone": "0850905423", "email": "test@test.com", "address": "Walkinstown, Dublin, Ireland", "country": "Ireland", "state": "County Dublin", "city": "Dublin", "pin_code": "H91 AN", "total": 11.03, "tax_data": "{\"Second-Tier-VAT\": {\"13.50\": 1.22}, \"Third-Tier-VAT\": {\"9.00\": 0.81}}", "total_data": "{\"6\": {\"9.00\": \"{'Second-Tier-VAT': {'13.50': '1.22'}, 'Third-Tier-VAT': {'9.00': '0.81'}}\"}}", "total_tax": 2.03, "payment_method": "PayPal", "status": "New", "is_ordered": false, "created_at": "2022-11-23T22:56:13.129Z", "updated_at": "2022-11-23T22:56:13.133Z", "vendors": [6]}}, {"model": "orders.order", "pk": 71, "fields": {"user": 5, "payment": null, "order_number": "2022112323022371", "first_name": "Maya", "last_name": "Rock", "phone": "0850905423", "email": "test@test.com", "address": "Walkinstown, Dublin, Ireland", "country": "Ireland", "state": "County Dublin", "city": "Dublin", "pin_code": "H91 AN", "total": 11.03, "tax_data": "{\"Second-Tier-VAT\": {\"13.50\": 1.22}, \"Third-Tier-VAT\": {\"9.00\": 0.81}}", "total_data": "{\"6\": {\"9.00\": \"{'Second-Tier-VAT': {'13.50': '1.22'}, 'Third-Tier-VAT': {'9.00': '0.81'}}\"}}", "total_tax": 2.03, "payment_method": "PayPal", "status": "New", "is_ordered": false, "created_at": "2022-11-23T23:02:23.764Z", "updated_at": "2022-11-23T23:02:23.768Z", "vendors": [6]}}, {"model": "orders.order", "pk": 72, "fields": {"user": 5, "payment": 19, "order_number": "2022112323030272", "first_name": "Maya", "last_name": "Rock", "phone": "0850905423", "email": "testing.email.ek@gmail.com", "address": "Walkinstown, Dublin, Ireland", "country": "Ireland", "state": "County Dublin", "city": "Dublin", "pin_code": "H91 AN", "total": 11.03, "tax_data": "{\"Second-Tier-VAT\": {\"13.50\": 1.22}, \"Third-Tier-VAT\": {\"9.00\": 0.81}}", "total_data": "{\"6\": {\"9.00\": \"{'Second-Tier-VAT': {'13.50': '1.22'}, 'Third-Tier-VAT': {'9.00': '0.81'}}\"}}", "total_tax": 2.03, "payment_method": "PayPal", "status": "New", "is_ordered": true, "created_at": "2022-11-23T23:03:02.595Z", "updated_at": "2022-11-23T23:03:13.794Z", "vendors": [6]}}, {"model": "orders.order", "pk": 73, "fields": {"user": 5, "payment": 20, "order_number": "2022112323212473", "first_name": "Maya", "last_name": "Rock", "phone": "0850905423", "email": "testing.email.ek@gmail.com", "address": "Walkinstown, Dublin, Ireland", "country": "Ireland", "state": "County Dublin", "city": "Dublin", "pin_code": "H91 AN", "total": 11.03, "tax_data": "{\"Second-Tier-VAT\": {\"13.50\": 1.22}, \"Third-Tier-VAT\": {\"9.00\": 0.81}}", "total_data": "{\"6\": {\"9.00\": \"{'Second-Tier-VAT': {'13.50': '1.22'}, 'Third-Tier-VAT': {'9.00': '0.81'}}\"}}", "total_tax": 2.03, "payment_method": "PayPal", "status": "New", "is_ordered": true, "created_at": "2022-11-23T23:21:24.860Z", "updated_at": "2022-11-23T23:21:47.338Z", "vendors": [6]}}, {"model": "orders.order", "pk": 74, "fields": {"user": 5, "payment": 21, "order_number": "2022112323401974", "first_name": "Maya", "last_name": "Rock", "phone": "0850905423", "email": "testing.email.ek@gmail.com", "address": "Walkinstown, Dublin, Ireland", "country": "Ireland", "state": "County Dublin", "city": "Dublin", "pin_code": "H91 AN", "total": 11.03, "tax_data": "{\"Second-Tier-VAT\": {\"13.50\": 1.22}, \"Third-Tier-VAT\": {\"9.00\": 0.81}}", "total_data": "{\"6\": {\"9.00\": \"{'Second-Tier-VAT': {'13.50': '1.22'}, 'Third-Tier-VAT': {'9.00': '0.81'}}\"}}", "total_tax": 2.03, "payment_method": "PayPal", "status": "New", "is_ordered": true, "created_at": "2022-11-23T23:40:19.130Z", "updated_at": "2022-11-23T23:40:30.092Z", "vendors": [6]}}, {"model": "orders.order", "pk": 75, "fields": {"user": 5, "payment": 22, "order_number": "2022112411083775", "first_name": "Maya", "last_name": "Rock", "phone": "0850905423", "email": "testing.email.ek@gmail.com", "address": "Walkinstown, Dublin, Ireland", "country": "Ireland", "state": "County Dublin", "city": "Dublin", "pin_code": "H91 AN", "total": 62.47, "tax_data": "{\"Second-Tier-VAT\": {\"13.50\": 6.88}, \"Third-Tier-VAT\": {\"9.00\": 4.59}}", "total_data": "{\"6\": {\"9.00\": \"{'Second-Tier-VAT': {'13.50': '1.22'}, 'Third-Tier-VAT': {'9.00': '0.81'}}\"}, \"2\": {\"25.00\": \"{'Second-Tier-VAT': {'13.50': '3.38'}, 'Third-Tier-VAT': {'9.00': '2.25'}}\"}, \"1\": {\"17.00\": \"{'Second-Tier-VAT': {'13.50': '2.30'}, 'Third-Tier-VAT': {'9.00': '1.53'}}\"}}", "total_tax": 11.47, "payment_method": "PayPal", "status": "New", "is_ordered": true, "created_at": "2022-11-24T11:08:37.263Z", "updated_at": "2022-11-24T11:09:01.165Z", "vendors": [1, 2, 6]}}, {"model": "orders.order", "pk": 76, "fields": {"user": 5, "payment": 23, "order_number": "2022112412222576", "first_name": "Maya", "last_name": "Rock", "phone": "0850905423", "email": "testing.email.ek@gmail.com", "address": "Walkinstown, Dublin, Ireland", "country": "Ireland", "state": "County Dublin", "city": "Dublin", "pin_code": "H91 AN", "total": 62.47, "tax_data": "{\"Second-Tier-VAT\": {\"13.50\": 6.88}, \"Third-Tier-VAT\": {\"9.00\": 4.59}}", "total_data": "{\"6\": {\"9.00\": \"{'Second-Tier-VAT': {'13.50': '1.22'}, 'Third-Tier-VAT': {'9.00': '0.81'}}\"}, \"2\": {\"25.00\": \"{'Second-Tier-VAT': {'13.50': '3.38'}, 'Third-Tier-VAT': {'9.00': '2.25'}}\"}, \"1\": {\"17.00\": \"{'Second-Tier-VAT': {'13.50': '2.30'}, 'Third-Tier-VAT': {'9.00': '1.53'}}\"}}", "total_tax": 11.47, "payment_method": "PayPal", "status": "New", "is_ordered": true, "created_at": "2022-11-24T12:22:25.376Z", "updated_at": "2022-11-24T12:22:51.072Z", "vendors": [1, 2, 6]}}, {"model": "orders.order", "pk": 77, "fields": {"user": 5, "payment": null, "order_number": "2022112418585677", "first_name": "Maya", "last_name": "Rock", "phone": "0850905423", "email": "testing.email.ek@gmail.com", "address": "Walkinstown, Dublin, Ireland", "country": "Ireland", "state": "County Dublin", "city": "Dublin", "pin_code": "H91 AN", "total": 62.47, "tax_data": "{\"Second-Tier-VAT\": {\"13.50\": 6.88}, \"Third-Tier-VAT\": {\"9.00\": 4.59}}", "total_data": "{\"6\": {\"9.00\": \"{'Second-Tier-VAT': {'13.50': '1.22'}, 'Third-Tier-VAT': {'9.00': '0.81'}}\"}, \"2\": {\"25.00\": \"{'Second-Tier-VAT': {'13.50': '3.38'}, 'Third-Tier-VAT': {'9.00': '2.25'}}\"}, \"1\": {\"17.00\": \"{'Second-Tier-VAT': {'13.50': '2.30'}, 'Third-Tier-VAT': {'9.00': '1.53'}}\"}}", "total_tax": 11.47, "payment_method": "PayPal", "status": "New", "is_ordered": false, "created_at": "2022-11-24T18:58:56.505Z", "updated_at": "2022-11-24T18:58:56.514Z", "vendors": [1, 2, 6]}}, {"model": "orders.order", "pk": 78, "fields": {"user": 5, "payment": null, "order_number": "2022112419020278", "first_name": "Maya", "last_name": "Rock", "phone": "0850905423", "email": "testing.email.ek@gmail.com", "address": "Walkinstown, Dublin, Ireland", "country": "Ireland", "state": "County Dublin", "city": "Dublin", "pin_code": "H91 AN", "total": 62.47, "tax_data": "{\"Second-Tier-VAT\": {\"13.50\": 6.88}, \"Third-Tier-VAT\": {\"9.00\": 4.59}}", "total_data": "{\"6\": {\"9.00\": \"{'Second-Tier-VAT': {'13.50': '1.22'}, 'Third-Tier-VAT': {'9.00': '0.81'}}\"}, \"2\": {\"25.00\": \"{'Second-Tier-VAT': {'13.50': '3.38'}, 'Third-Tier-VAT': {'9.00': '2.25'}}\"}, \"1\": {\"17.00\": \"{'Second-Tier-VAT': {'13.50': '2.30'}, 'Third-Tier-VAT': {'9.00': '1.53'}}\"}}", "total_tax": 11.47, "payment_method": "PayPal", "status": "New", "is_ordered": false, "created_at": "2022-11-24T19:02:02.849Z", "updated_at": "2022-11-24T19:02:02.856Z", "vendors": [1, 2, 6]}}, {"model": "orders.order", "pk": 79, "fields": {"user": 5, "payment": null, "order_number": "2022112419031079", "first_name": "Maya", "last_name": "Rock", "phone": "0850905423", "email": "testing.email.ek@gmail.com", "address": "Walkinstown, Dublin, Ireland", "country": "Ireland", "state": "County Dublin", "city": "Dublin", "pin_code": "H91 AN", "total": 62.47, "tax_data": "{\"Second-Tier-VAT\": {\"13.50\": 6.88}, \"Third-Tier-VAT\": {\"9.00\": 4.59}}", "total_data": "{\"6\": {\"9.00\": \"{'Second-Tier-VAT': {'13.50': '1.22'}, 'Third-Tier-VAT': {'9.00': '0.81'}}\"}, \"2\": {\"25.00\": \"{'Second-Tier-VAT': {'13.50': '3.38'}, 'Third-Tier-VAT': {'9.00': '2.25'}}\"}, \"1\": {\"17.00\": \"{'Second-Tier-VAT': {'13.50': '2.30'}, 'Third-Tier-VAT': {'9.00': '1.53'}}\"}}", "total_tax": 11.47, "payment_method": "PayPal", "status": "New", "is_ordered": false, "created_at": "2022-11-24T19:03:10.988Z", "updated_at": "2022-11-24T19:03:10.995Z", "vendors": [1, 2, 6]}}, {"model": "orders.order", "pk": 80, "fields": {"user": 5, "payment": null, "order_number": "2022112419095780", "first_name": "Maya", "last_name": "Rock", "phone": "0850905423", "email": "testing.email.ek@gmail.com", "address": "Walkinstown, Dublin, Ireland", "country": "Ireland", "state": "County Dublin", "city": "Dublin", "pin_code": "H91 AN", "total": 62.47, "tax_data": "{\"Second-Tier-VAT\": {\"13.50\": 6.88}, \"Third-Tier-VAT\": {\"9.00\": 4.59}}", "total_data": "{\"6\": {\"9.00\": \"{'Second-Tier-VAT': {'13.50': '1.22'}, 'Third-Tier-VAT': {'9.00': '0.81'}}\"}, \"2\": {\"25.00\": \"{'Second-Tier-VAT': {'13.50': '3.38'}, 'Third-Tier-VAT': {'9.00': '2.25'}}\"}, \"1\": {\"17.00\": \"{'Second-Tier-VAT': {'13.50': '2.30'}, 'Third-Tier-VAT': {'9.00': '1.53'}}\"}}", "total_tax": 11.47, "payment_method": "PayPal", "status": "New", "is_ordered": false, "created_at": "2022-11-24T19:09:57.378Z", "updated_at": "2022-11-24T19:09:57.383Z", "vendors": [1, 2, 6]}}, {"model": "orders.orderedfood", "pk": 23, "fields": {"order": 41, "payment": 11, "user": 5, "fooditem": 3, "quantity": 1, "price": 12.0, "amount": 12.0, "created_at": "2022-11-18T11:24:53.193Z", "updated_at": "2022-11-18T11:24:53.193Z"}}, {"model": "orders.orderedfood", "pk": 24, "fields": {"order": 41, "payment": 11, "user": 5, "fooditem": 2, "quantity": 1, "price": 19.5, "amount": 19.5, "created_at": "2022-11-18T11:24:53.199Z", "updated_at": "2022-11-18T11:24:53.199Z"}}, {"model": "orders.orderedfood", "pk": 25, "fields": {"order": 41, "payment": 11, "user": 5, "fooditem": 16, "quantity": 1, "price": 13.0, "amount": 13.0, "created_at": "2022-11-18T11:24:53.209Z", "updated_at": "2022-11-18T11:24:53.209Z"}}, {"model": "orders.orderedfood", "pk": 26, "fields": {"order": 41, "payment": 11, "user": 5, "fooditem": 18, "quantity": 1, "price": 5.0, "amount": 5.0, "created_at": "2022-11-18T11:24:53.214Z", "updated_at": "2022-11-18T11:24:53.215Z"}}, {"model": "orders.orderedfood", "pk": 27, "fields": {"order": 41, "payment": 11, "user": 5, "fooditem": 19, "quantity": 1, "price": 4.0, "amount": 4.0, "created_at": "2022-11-18T11:24:53.219Z", "updated_at": "2022-11-18T11:24:53.219Z"}}, {"model": "orders.orderedfood", "pk": 28, "fields": {"order": 41, "payment": 11, "user": 5, "fooditem": 5, "quantity": 1, "price": 15.0, "amount": 15.0, "created_at": "2022-11-18T11:24:53.227Z", "updated_at": "2022-11-18T11:24:53.227Z"}}, {"model": "orders.orderedfood", "pk": 29, "fields": {"order": 41, "payment": 11, "user": 5, "fooditem": 26, "quantity": 1, "price": 12.0, "amount": 12.0, "created_at": "2022-11-18T11:24:53.233Z", "updated_at": "2022-11-18T11:24:53.233Z"}}, {"model": "orders.orderedfood", "pk": 30, "fields": {"order": 41, "payment": 11, "user": 5, "fooditem": 25, "quantity": 2, "price": 19.0, "amount": 38.0, "created_at": "2022-11-18T11:24:53.237Z", "updated_at": "2022-11-18T11:24:53.237Z"}}, {"model": "orders.orderedfood", "pk": 31, "fields": {"order": 59, "payment": 12, "user": 5, "fooditem": 28, "quantity": 1, "price": 9.0, "amount": 9.0, "created_at": "2022-11-19T15:31:37.061Z", "updated_at": "2022-11-19T15:31:37.061Z"}}, {"model": "orders.orderedfood", "pk": 32, "fields": {"order": 59, "payment": 12, "user": 5, "fooditem": 18, "quantity": 1, "price": 5.0, "amount": 5.0, "created_at": "2022-11-19T15:31:37.065Z", "updated_at": "2022-11-19T15:31:37.065Z"}}, {"model": "orders.orderedfood", "pk": 33, "fields": {"order": 59, "payment": 12, "user": 5, "fooditem": 13, "quantity": 1, "price": 12.0, "amount": 12.0, "created_at": "2022-11-19T15:31:37.068Z", "updated_at": "2022-11-19T15:31:37.068Z"}}, {"model": "orders.orderedfood", "pk": 34, "fields": {"order": 59, "payment": 12, "user": 5, "fooditem": 4, "quantity": 1, "price": 17.0, "amount": 17.0, "created_at": "2022-11-19T15:31:37.070Z", "updated_at": "2022-11-19T15:31:37.070Z"}}, {"model": "orders.orderedfood", "pk": 36, "fields": {"order": 62, "payment": 14, "user": 5, "fooditem": 28, "quantity": 1, "price": 9.0, "amount": 9.0, "created_at": "2022-11-23T12:33:02.344Z", "updated_at": "2022-11-23T12:33:02.344Z"}}, {"model": "orders.orderedfood", "pk": 37, "fields": {"order": 64, "payment": 15, "user": 5, "fooditem": 28, "quantity": 1, "price": 9.0, "amount": 9.0, "created_at": "2022-11-23T12:40:52.474Z", "updated_at": "2022-11-23T12:40:52.474Z"}}, {"model": "orders.orderedfood", "pk": 38, "fields": {"order": 67, "payment": 16, "user": 5, "fooditem": 28, "quantity": 1, "price": 9.0, "amount": 9.0, "created_at": "2022-11-23T13:01:41.058Z", "updated_at": "2022-11-23T13:01:41.058Z"}}, {"model": "orders.orderedfood", "pk": 39, "fields": {"order": 68, "payment": 17, "user": 5, "fooditem": 28, "quantity": 1, "price": 9.0, "amount": 9.0, "created_at": "2022-11-23T22:32:53.748Z", "updated_at": "2022-11-23T22:32:53.748Z"}}, {"model": "orders.orderedfood", "pk": 40, "fields": {"order": 69, "payment": 18, "user": 5, "fooditem": 28, "quantity": 1, "price": 9.0, "amount": 9.0, "created_at": "2022-11-23T22:48:56.867Z", "updated_at": "2022-11-23T22:48:56.867Z"}}, {"model": "orders.orderedfood", "pk": 41, "fields": {"order": 72, "payment": 19, "user": 5, "fooditem": 28, "quantity": 1, "price": 9.0, "amount": 9.0, "created_at": "2022-11-23T23:03:13.803Z", "updated_at": "2022-11-23T23:03:13.803Z"}}, {"model": "orders.orderedfood", "pk": 42, "fields": {"order": 73, "payment": 20, "user": 5, "fooditem": 28, "quantity": 1, "price": 9.0, "amount": 9.0, "created_at": "2022-11-23T23:21:47.352Z", "updated_at": "2022-11-23T23:21:47.352Z"}}, {"model": "orders.orderedfood", "pk": 43, "fields": {"order": 74, "payment": 21, "user": 5, "fooditem": 28, "quantity": 1, "price": 9.0, "amount": 9.0, "created_at": "2022-11-23T23:40:30.106Z", "updated_at": "2022-11-23T23:40:30.106Z"}}, {"model": "orders.orderedfood", "pk": 44, "fields": {"order": 75, "payment": 22, "user": 5, "fooditem": 28, "quantity": 1, "price": 9.0, "amount": 9.0, "created_at": "2022-11-24T11:09:01.178Z", "updated_at": "2022-11-24T11:09:01.178Z"}}, {"model": "orders.orderedfood", "pk": 45, "fields": {"order": 75, "payment": 22, "user": 5, "fooditem": 10, "quantity": 1, "price": 25.0, "amount": 25.0, "created_at": "2022-11-24T11:09:01.225Z", "updated_at": "2022-11-24T11:09:01.225Z"}}, {"model": "orders.orderedfood", "pk": 46, "fields": {"order": 75, "payment": 22, "user": 5, "fooditem": 4, "quantity": 1, "price": 17.0, "amount": 17.0, "created_at": "2022-11-24T11:09:01.230Z", "updated_at": "2022-11-24T11:09:01.230Z"}}, {"model": "orders.orderedfood", "pk": 47, "fields": {"order": 76, "payment": 23, "user": 5, "fooditem": 28, "quantity": 1, "price": 9.0, "amount": 9.0, "created_at": "2022-11-24T12:22:51.088Z", "updated_at": "2022-11-24T12:22:51.088Z"}}, {"model": "orders.orderedfood", "pk": 48, "fields": {"order": 76, "payment": 23, "user": 5, "fooditem": 10, "quantity": 1, "price": 25.0, "amount": 25.0, "created_at": "2022-11-24T12:22:51.095Z", "updated_at": "2022-11-24T12:22:51.095Z"}}, {"model": "orders.orderedfood", "pk": 49, "fields": {"order": 76, "payment": 23, "user": 5, "fooditem": 4, "quantity": 1, "price": 17.0, "amount": 17.0, "created_at": "2022-11-24T12:22:51.098Z", "updated_at": "2022-11-24T12:22:51.098Z"}}]